alpaca-broker-api	etl	account activities list
alpaca-broker-api	etl	accounts list
alpaca-broker-api	etl	assets list
alpaca-broker-api	etl	calendar list
alpaca-broker-api	etl	clock list
alpaca-broker-api	etl	documents list
alpaca-broker-api	etl	journals list
alpaca-broker-api	etl	orders list
alpaca-broker-api	etl	positions list
alpaca-broker-api	etl	watchlists list
amazon-sqs	etl	messages receive
amazon-sqs	direct_read	queue attributes
amazon-sqs	direct_read	queue url
amazon-sqs	direct_read	queues list
amazon-sqs	direct_read	queue tags
amazon-sqs	direct_read	dead-letter-source-queues list
amazon-sqs	direct_read	message-move-tasks list
amazon-sqs	reverse_etl	permission add
amazon-sqs	reverse_etl	message-move-task cancel
amazon-sqs	reverse_etl	message change-visibility
amazon-sqs	reverse_etl	message change-visibility-batch
amazon-sqs	reverse_etl	queue create
amazon-sqs	reverse_etl	message delete
amazon-sqs	reverse_etl	message delete-batch
amazon-sqs	reverse_etl	queue delete
amazon-sqs	reverse_etl	queue purge
amazon-sqs	reverse_etl	permission remove
amazon-sqs	reverse_etl	message send
amazon-sqs	reverse_etl	message send-batch
amazon-sqs	reverse_etl	queue set-attributes
amazon-sqs	reverse_etl	message-move-task start
amazon-sqs	reverse_etl	queue tag
amazon-sqs	reverse_etl	queue untag
asana	reverse_etl	custom-fields create-custom-field
asana	reverse_etl	custom-fields update-custom-field
asana	etl	custom-fields list
asana	reverse_etl	custom-fields create-enum-option-for-custom-field
asana	reverse_etl	custom-fields insert-enum-option-for-custom-field
asana	reverse_etl	custom-fields update-enum-option
asana	reverse_etl	exports create-graph-export
asana	reverse_etl	exports create-resource-export
asana	reverse_etl	goal-relationships update-goal-relationship
asana	reverse_etl	goal-relationships add-supporting-relationship
asana	reverse_etl	goals update-goal
asana	reverse_etl	goals create-goal
asana	reverse_etl	goals create-goal-metric
asana	reverse_etl	goals update-goal-metric
asana	reverse_etl	goals add-followers
asana	reverse_etl	goals add-custom-field-setting-for-goal
asana	reverse_etl	ooo-entries update-ooo-entry
asana	reverse_etl	ooo-entries create-ooo-entry
asana	reverse_etl	portfolios create-portfolio
asana	reverse_etl	portfolios update-portfolio
asana	reverse_etl	portfolios add-item-for-portfolio
asana	reverse_etl	portfolios add-custom-field-setting-for-portfolio
asana	reverse_etl	portfolios add-members-for-portfolio
asana	reverse_etl	portfolios duplicate-portfolio
asana	reverse_etl	project-briefs update-project-brief
asana	reverse_etl	project-briefs create-project-brief
asana	reverse_etl	project-portfolio-settings update-project-portfolio-setting
asana	reverse_etl	project-statuses create-project-status-for-project
asana	reverse_etl	project-templates instantiate-project
asana	etl	projects list
asana	reverse_etl	projects create
asana	reverse_etl	projects update
asana	reverse_etl	projects delete
asana	reverse_etl	projects duplicate-project
asana	reverse_etl	projects create-project-for-team
asana	reverse_etl	projects create-project-for-workspace
asana	reverse_etl	projects add-custom-field-setting-for-project
asana	reverse_etl	projects add-members-for-project
asana	reverse_etl	projects add-followers-for-project
asana	reverse_etl	projects save-as-template
asana	reverse_etl	rules trigger-rule
asana	reverse_etl	sections update
asana	reverse_etl	sections delete
asana	reverse_etl	sections create
asana	reverse_etl	sections add-task-for-section
asana	reverse_etl	sections insert-section-for-project
asana	reverse_etl	status-updates create-status-for-object
asana	reverse_etl	stories update-story
asana	reverse_etl	tasks comments add
asana	reverse_etl	stories create-story-for-goal
asana	etl	tags list
asana	reverse_etl	tags create
asana	reverse_etl	tags update
asana	reverse_etl	tags delete
asana	reverse_etl	tags create-tag-for-workspace
asana	reverse_etl	task-templates instantiate-task
asana	etl	tasks list
asana	reverse_etl	tasks create
asana	reverse_etl	tasks update
asana	reverse_etl	tasks delete
asana	reverse_etl	tasks duplicate-task
asana	reverse_etl	tasks create-subtask-for-task
asana	reverse_etl	tasks set-parent-for-task
asana	reverse_etl	tasks add-dependencies-for-task
asana	reverse_etl	tasks add-dependents-for-task
asana	reverse_etl	tasks add-project-for-task
asana	reverse_etl	tasks add-tag-for-task
asana	reverse_etl	tasks add-followers-for-task
asana	etl	team-memberships list
asana	reverse_etl	teams create-team
asana	reverse_etl	teams update-team
asana	etl	teams list
asana	reverse_etl	teams add-user-for-team
asana	reverse_etl	time-tracking-entries create-time-tracking-entry
asana	reverse_etl	time-tracking-entries update-time-tracking-entry
asana	etl	users list
asana	reverse_etl	users update-user
asana	reverse_etl	users update-user-for-workspace
asana	etl	workspace-memberships list
asana	etl	workspaces list
asana	reverse_etl	workspaces update-workspace
asana	reverse_etl	workspaces add-user-for-workspace
ashby	etl	candidate list
ashby	etl	job list
ashby	etl	application list
ashby	etl	user list
ashby	etl	api-key info
ashby	etl	audit-log list
ashby	reverse_etl	application create
ashby	reverse_etl	application update
ashby	reverse_etl	application delete
ashby	etl	application info
ashby	reverse_etl	application add-hiring-team-member
ashby	reverse_etl	application remove-hiring-team-member
ashby	etl	application-hiring-team-role list
ashby	reverse_etl	application change-stage
ashby	reverse_etl	application change-stage-2
ashby	reverse_etl	application change-source
ashby	reverse_etl	application change-source-2
ashby	reverse_etl	application transfer
ashby	reverse_etl	application update-history
ashby	etl	application list-history
ashby	etl	application list-criteria-evaluations
ashby	etl	application-feedback list
ashby	reverse_etl	application-feedback-request create
ashby	reverse_etl	approval-definition update
ashby	direct_read	candidate search
ashby	etl	candidate info
ashby	reverse_etl	candidate create
ashby	reverse_etl	candidate upload-resume
ashby	reverse_etl	candidate upload-file
ashby	reverse_etl	candidate update
ashby	reverse_etl	candidate create-note
ashby	etl	candidate list-client-info
ashby	etl	candidate list-fraud-checks
ashby	reverse_etl	candidate set-fraud-status
ashby	etl	candidate list-notes
ashby	reverse_etl	candidate anonymize
ashby	reverse_etl	candidate remove-project
ashby	reverse_etl	candidate add-project
ashby	reverse_etl	candidate add-email-message
ashby	reverse_etl	candidate add-tag
ashby	reverse_etl	candidate remove-tag
ashby	etl	candidate list-projects
ashby	reverse_etl	candidate push-to-hris
ashby	reverse_etl	candidate-tag create
ashby	reverse_etl	candidate-tag archive
ashby	etl	candidate-tag list
ashby	etl	communication-template list
ashby	etl	feedback-form-definition list
ashby	etl	feedback-form-definition info
ashby	etl	job-posting list
ashby	etl	job-posting info
ashby	reverse_etl	job-posting update-compensation
ashby	reverse_etl	job-posting update
ashby	reverse_etl	job-posting set-status
ashby	etl	job info
ashby	reverse_etl	job create
ashby	reverse_etl	job update
ashby	reverse_etl	job update-compensation
ashby	direct_read	job search
ashby	reverse_etl	job set-status
ashby	etl	job-board list
ashby	etl	job-interview-plan info
ashby	etl	job-template list
ashby	reverse_etl	department archive
ashby	reverse_etl	department restore
ashby	reverse_etl	department create
ashby	etl	department info
ashby	etl	department list
ashby	reverse_etl	department move
ashby	reverse_etl	department update
ashby	reverse_etl	location archive
ashby	reverse_etl	location create
ashby	reverse_etl	location restore
ashby	etl	location list
ashby	etl	location info
ashby	reverse_etl	location move
ashby	reverse_etl	location update-address
ashby	reverse_etl	location update-name
ashby	reverse_etl	location update-workplace-type
ashby	reverse_etl	location update-external-name
ashby	etl	interview-plan list
ashby	etl	interview-stage list
ashby	etl	interview-stage-group list
ashby	direct_read	notetaker-transcript info
ashby	reverse_etl	offer approve
ashby	etl	offer list
ashby	etl	offer info
ashby	reverse_etl	offer start
ashby	reverse_etl	offer start-approval-process
ashby	reverse_etl	offer set-status
ashby	reverse_etl	offer set-decided-at
ashby	reverse_etl	offer-process start
ashby	etl	opening info
ashby	reverse_etl	opening create
ashby	reverse_etl	opening update
ashby	reverse_etl	opening set-archived
ashby	reverse_etl	opening set-opening-state
ashby	reverse_etl	opening add-job
ashby	reverse_etl	opening remove-job
ashby	reverse_etl	opening add-location
ashby	reverse_etl	opening remove-location
ashby	etl	opening list
ashby	direct_read	opening search
ashby	etl	project info
ashby	etl	project list
ashby	direct_read	project search
ashby	etl	source list
ashby	etl	source-tracking-link list
ashby	etl	archive-reason list
ashby	etl	brand list
ashby	etl	custom-field list
ashby	reverse_etl	custom-field create
ashby	etl	custom-field info
ashby	reverse_etl	custom-field update-selectable-values
ashby	reverse_etl	assessment update
ashby	reverse_etl	assessment add-completed-to-candidate
ashby	reverse_etl	hiring-team add-member
ashby	reverse_etl	hiring-team remove-member
ashby	etl	hiring-team-role list
ashby	etl	user info
ashby	direct_read	user search
ashby	direct_read	user interviewer-settings
ashby	reverse_etl	user update-interviewer-settings
ashby	reverse_etl	user create-interviewer-pause
ashby	etl	user list-interviewer-pauses
ashby	reverse_etl	user delete-interviewer-pause
ashby	etl	email-sender list
ashby	reverse_etl	sequence add
ashby	reverse_etl	sequence cancel
ashby	reverse_etl	sequence discard
ashby	etl	sequence info
ashby	etl	sequence list
ashby	reverse_etl	sequence update-stage
ashby	reverse_etl	sequence start
ashby	etl	sequence-template info
ashby	etl	sequence-template list
ashby	etl	interview-schedule list
ashby	reverse_etl	interview-schedule create
ashby	reverse_etl	interview-schedule update
ashby	reverse_etl	interview-schedule cancel
ashby	etl	take-home-assignment list
ashby	etl	take-home-assignment info
ashby	etl	interview-event list
ashby	etl	interview-briefing info
ashby	etl	interview info
ashby	etl	interview list
ashby	etl	interview-stage info
ashby	direct_read	file info
ashby	etl	survey-form-definition info
ashby	etl	survey-form-definition list
ashby	reverse_etl	survey-request create
ashby	etl	survey-request list
ashby	etl	survey-submission list
ashby	reverse_etl	webhook create
ashby	etl	webhook info
ashby	reverse_etl	webhook update
ashby	reverse_etl	webhook delete
ashby	etl	interviewer-pool list
ashby	etl	interviewer-pool info
ashby	reverse_etl	interviewer-pool archive
ashby	reverse_etl	interviewer-pool restore
ashby	reverse_etl	interviewer-pool create
ashby	reverse_etl	interviewer-pool update
ashby	reverse_etl	interviewer-pool add-user
ashby	reverse_etl	interviewer-pool remove-user
ashby	etl	close-reason list
ashby	direct_read	report generate
ashby	etl	report synchronous
ashby	etl	approval list
bahmni	etl	patients list
bahmni	etl	encounters list
bahmni	etl	observations list
bahmni	etl	visits list
bahmni	etl	concepts list
bahmni	etl	locations list
bahmni	etl	providers list
bahmni	etl	drug_orders list
bahmni	etl	lab_orders list
bahmni	etl	lab_results list
bahmni	etl	appointments list
bahmni	etl	diagnoses list
bahmni	direct_read	patient get
bahmni	direct_read	encounter get
bahmni	direct_read	visit get
bahmni	direct_read	concept get
bahmni	direct_read	provider get
bahmni	direct_read	location get
bahmni	direct_read	fhir patient-read
bahmni	direct_read	fhir observation-read
bahmni	direct_read	fhir encounter-read
bahmni	direct_read	fhir condition-read
bahmni	direct_read	bahmnicore patient-search
bahmni	reverse_etl	patients create
bahmni	reverse_etl	patients update
bahmni	reverse_etl	encounters create
bahmni	reverse_etl	observations create
bahmni	reverse_etl	appointments create
bahmni	reverse_etl	visits create
bahmni	reverse_etl	lab_orders create
bahmni	reverse_etl	diagnoses create
bahmni	reverse_etl	appointments status-change
bahmni	reverse_etl	appointments provider-response
bahmni	reverse_etl	notes create
bitbucket	etl	repositories list
bitbucket	reverse_etl	repositories create
bitbucket	reverse_etl	repositories delete
chatwoot	direct_read	account get
chatwoot	direct_read	account get-branded-email-layout
chatwoot	reverse_etl	account update
chatwoot	reverse_etl	account update-branded-email-layout
chatwoot	reverse_etl	agent-bots create
chatwoot	reverse_etl	agent-bots delete
chatwoot	direct_read	agent-bots get
chatwoot	direct_read	agent-bots list
chatwoot	reverse_etl	agent-bots update
chatwoot	reverse_etl	agents create
chatwoot	reverse_etl	agents delete
chatwoot	etl	agents list
chatwoot	reverse_etl	agents update
chatwoot	direct_read	audit-logs list
chatwoot	reverse_etl	automation-rules create
chatwoot	reverse_etl	automation-rules delete
chatwoot	direct_read	automation-rules get
chatwoot	direct_read	automation-rules list
chatwoot	reverse_etl	automation-rules update
chatwoot	reverse_etl	canned-responses create
chatwoot	reverse_etl	canned-responses delete
chatwoot	direct_read	canned-responses list
chatwoot	reverse_etl	canned-responses update
chatwoot	reverse_etl	contacts create
chatwoot	reverse_etl	contacts create-inbox
chatwoot	reverse_etl	contacts delete
chatwoot	direct_read	contacts filter
chatwoot	direct_read	contacts get
chatwoot	etl	contacts list
chatwoot	direct_read	contacts list-contactable-inboxes
chatwoot	direct_read	contacts list-conversations
chatwoot	direct_read	contacts list-labels
chatwoot	reverse_etl	contacts merge
chatwoot	direct_read	contacts search
chatwoot	reverse_etl	contacts update
chatwoot	reverse_etl	contacts update-labels
chatwoot	reverse_etl	conversations assign
chatwoot	reverse_etl	conversations create
chatwoot	reverse_etl	conversations destroy-custom-attributes
chatwoot	direct_read	conversations filter
chatwoot	direct_read	conversations get
chatwoot	etl	conversations list
chatwoot	direct_read	conversations list-labels
chatwoot	direct_read	conversations list-reporting-events
chatwoot	direct_read	conversations meta
chatwoot	reverse_etl	conversations toggle-priority
chatwoot	reverse_etl	conversations toggle-status
chatwoot	reverse_etl	conversations toggle-typing-status
chatwoot	reverse_etl	conversations update
chatwoot	reverse_etl	conversations update-labels
chatwoot	reverse_etl	custom-attributes create
chatwoot	reverse_etl	custom-attributes delete
chatwoot	direct_read	custom-attributes get
chatwoot	direct_read	custom-attributes list
chatwoot	reverse_etl	custom-attributes update
chatwoot	reverse_etl	custom-filters create
chatwoot	reverse_etl	custom-filters delete
chatwoot	direct_read	custom-filters get
chatwoot	direct_read	custom-filters list
chatwoot	reverse_etl	custom-filters update
chatwoot	reverse_etl	inbox-members add
chatwoot	direct_read	inbox-members list
chatwoot	reverse_etl	inbox-members remove
chatwoot	reverse_etl	inbox-members set
chatwoot	direct_read	inboxes get
chatwoot	direct_read	inboxes get-agent-bot
chatwoot	etl	inboxes list
chatwoot	direct_read	inboxes list-message-templates
chatwoot	reverse_etl	inboxes set-agent-bot
chatwoot	reverse_etl	integrations create-hook
chatwoot	reverse_etl	integrations delete-hook
chatwoot	direct_read	integrations list-apps
chatwoot	reverse_etl	integrations update-hook
chatwoot	reverse_etl	labels create
chatwoot	reverse_etl	labels delete
chatwoot	direct_read	labels get
chatwoot	etl	labels list
chatwoot	reverse_etl	labels update
chatwoot	reverse_etl	messages delete
chatwoot	etl	messages list
chatwoot	reverse_etl	messages send
chatwoot	reverse_etl	portals create
chatwoot	reverse_etl	portals create-article
chatwoot	reverse_etl	portals create-category
chatwoot	direct_read	portals list
chatwoot	reverse_etl	portals update
chatwoot	direct_read	reporting-events list
chatwoot	reverse_etl	teams add-members
chatwoot	reverse_etl	teams create
chatwoot	reverse_etl	teams delete
chatwoot	direct_read	teams get
chatwoot	etl	teams list
chatwoot	direct_read	teams list-members
chatwoot	reverse_etl	teams remove-members
chatwoot	reverse_etl	teams set-members
chatwoot	reverse_etl	teams update
chatwoot	reverse_etl	webhooks create
chatwoot	reverse_etl	webhooks delete
chatwoot	direct_read	webhooks list
chatwoot	reverse_etl	webhooks update
crisp	etl	conversations list
crisp	etl	conversations suggested-segments
crisp	etl	conversations suggested-data
crisp	etl	conversations spam-list
crisp	etl	conversations spam-content
crisp	etl	conversation get
crisp	etl	conversation messages
crisp	etl	conversation message
crisp	etl	conversation routing
crisp	etl	conversation meta
crisp	etl	conversation original-message
crisp	etl	conversation pages
crisp	etl	conversation events
crisp	etl	conversation files
crisp	etl	conversation state
crisp	etl	conversation relations
crisp	etl	conversation participants
crisp	etl	conversation block-status
crisp	etl	conversation verify-status
crisp	etl	conversation browsing
crisp	etl	conversation call
defillama	etl	chains list
defillama	etl	dexs list
defillama	etl	fees list
defillama	etl	historical chain tvl list
defillama	etl	open interest list
defillama	etl	options list
defillama	etl	pools list
defillama	etl	protocols list
defillama	etl	stablecoin chains list
defillama	etl	stablecoins list
dockerhub	etl	repositories list
dockerhub	etl	repository detail list
dockerhub	etl	tag detail list
dockerhub	etl	tags list
docuseal	reverse_etl	archive submission apply
docuseal	reverse_etl	archive template apply
docuseal	reverse_etl	clone template apply
docuseal	etl	submissions list
docuseal	etl	submitters list
docuseal	etl	template detail list
docuseal	etl	templates list
docuseal	reverse_etl	update submitter apply
docuseal	reverse_etl	update template apply
flexmail	etl	contacts list
flexmail	etl	custom fields list
flexmail	etl	interests list
flexmail	etl	segments list
flexmail	etl	sources list
freshchat	etl	account configuration
freshchat	etl	agents list
freshchat	etl	agents view
freshchat	etl	agents statuses
freshchat	etl	users list
freshchat	etl	users view
freshchat	etl	users conversations
freshchat	etl	conversations view
freshchat	etl	conversations messages
freshchat	etl	conversations fields
freshchat	etl	groups list
freshchat	etl	channels list
freshchat	etl	roles list
freshchat	etl	outbound messages list
freshchat	etl	reports status
freshchat	etl	metrics historical
freshchat	etl	metrics instant
freshchat	etl	business-hours status
freshchat	reverse_etl	users create
freshchat	reverse_etl	users update
freshchat	reverse_etl	users delete
freshchat	reverse_etl	conversations create
freshchat	reverse_etl	conversations update
freshchat	reverse_etl	conversations message send
freshchat	reverse_etl	agents create
freshchat	reverse_etl	agents update
freshchat	reverse_etl	agents status update
freshchat	reverse_etl	agents delete
freshchat	reverse_etl	outbound whatsapp send
freshchat	reverse_etl	reports extract
freshchat	reverse_etl	csat create
github	direct_read	actions access view
github	reverse_etl	actions add-custom-labels-to-self-hosted-runner-for-org
github	reverse_etl	actions add-repo-access-to-self-hosted-runner-group-in-org
github	reverse_etl	actions add-selected-repo-to-org-secret
github	reverse_etl	actions add-selected-repo-to-org-variable
github	reverse_etl	actions add-self-hosted-runner-to-group-for-org
github	direct_read	actions approvals view
github	reverse_etl	actions approve create
github	direct_read	actions artifact-and-log-retention view
github	reverse_etl	actions artifacts delete
github	direct_read	actions attempts view
github	reverse_etl	actions caches delete-2
github	reverse_etl	actions caches delete
github	direct_read	actions caches view
github	direct_read	actions concurrency_groups view-2
github	direct_read	actions concurrency_groups view-3
github	direct_read	actions concurrency_groups view
github	reverse_etl	actions create-hosted-runner-for-org
github	reverse_etl	actions create-or-update-org-secret
github	reverse_etl	actions create-org-variable
github	reverse_etl	actions create-registration-token-for-org
github	reverse_etl	actions create-remove-token-for-org
github	reverse_etl	actions create-self-hosted-runner-group-for-org
github	reverse_etl	actions delete-custom-image-from-org
github	reverse_etl	actions delete-custom-image-version-from-org
github	reverse_etl	actions delete-hosted-runner-for-org
github	reverse_etl	actions delete-org-secret
github	reverse_etl	actions delete-org-variable
github	reverse_etl	actions delete-self-hosted-runner-from-org
github	reverse_etl	actions delete-self-hosted-runner-group-from-org
github	reverse_etl	actions deployment_protection_rule create
github	reverse_etl	actions disable set
github	reverse_etl	actions disable-selected-repository-github-actions-organization
github	reverse_etl	actions disable-selected-repository-self-hosted-runners-organization
github	direct_read	actions downloads view
github	reverse_etl	actions enable set
github	reverse_etl	actions enable-selected-repository-github-actions-organization
github	reverse_etl	actions enable-selected-repository-self-hosted-runners-organization
github	reverse_etl	actions force-cancel create
github	direct_read	actions fork-pr-contributor-approval view
github	direct_read	actions fork-pr-workflows-private-repos view
github	reverse_etl	actions generate-jitconfig create
github	reverse_etl	actions generate-runner-jitconfig-for-org
github	direct_read	actions get-actions-cache-retention-limit-for-enterprise
github	direct_read	actions get-actions-cache-retention-limit-for-organization
github	direct_read	actions get-actions-cache-storage-limit-for-enterprise
github	direct_read	actions get-actions-cache-storage-limit-for-organization
github	direct_read	actions get-actions-cache-usage-by-repo-for-org
github	direct_read	actions get-actions-cache-usage-for-org
github	direct_read	actions get-allowed-actions-organization
github	direct_read	actions get-artifact-and-log-retention-settings-organization
github	direct_read	actions get-custom-image-for-org
github	direct_read	actions get-custom-image-version-for-org
github	direct_read	actions get-fork-pr-contributor-approval-permissions-organization
github	direct_read	actions get-github-actions-default-workflow-permissions-organization
github	direct_read	actions get-github-actions-permissions-organization
github	direct_read	actions get-hosted-runner-for-org
github	direct_read	actions get-hosted-runners-github-owned-images-for-org
github	direct_read	actions get-hosted-runners-limits-for-org
github	direct_read	actions get-hosted-runners-machine-specs-for-org
github	direct_read	actions get-hosted-runners-partner-images-for-org
github	direct_read	actions get-hosted-runners-platforms-for-org
github	direct_read	actions get-org-public-key
github	direct_read	actions get-org-secret
github	direct_read	actions get-org-variable
github	direct_read	actions get-private-repo-fork-pr-workflows-settings-organization
github	direct_read	actions get-self-hosted-runner-for-org
github	direct_read	actions get-self-hosted-runner-group-for-org
github	direct_read	actions get-self-hosted-runners-permissions-organization
github	direct_read	actions jobs view-2
github	direct_read	actions jobs view-3
github	direct_read	actions jobs view
github	reverse_etl	actions labels create
github	reverse_etl	actions labels delete-2
github	reverse_etl	actions labels delete
github	reverse_etl	actions labels set
github	direct_read	actions labels view
github	direct_read	actions list-custom-image-versions-for-org
github	direct_read	actions list-custom-images-for-org
github	direct_read	actions list-github-hosted-runners-in-group-for-org
github	direct_read	actions list-hosted-runners-for-org
github	direct_read	actions list-labels-for-self-hosted-runner-for-org
github	direct_read	actions list-org-secrets
github	direct_read	actions list-org-variables
github	direct_read	actions list-repo-access-to-self-hosted-runner-group-in-org
github	direct_read	actions list-runner-applications-for-org
github	direct_read	actions list-selected-repos-for-org-secret
github	direct_read	actions list-selected-repos-for-org-variable
github	direct_read	actions list-selected-repositories-enabled-github-actions-organization
github	direct_read	actions list-selected-repositories-self-hosted-runners-organization
github	direct_read	actions list-self-hosted-runner-groups-for-org
github	direct_read	actions list-self-hosted-runners-for-org
github	direct_read	actions list-self-hosted-runners-in-group-for-org
github	reverse_etl	actions logs delete
github	direct_read	actions organization-secrets view
github	direct_read	actions organization-variables view
github	reverse_etl	actions pending_deployments create
github	direct_read	actions pending_deployments view
github	reverse_etl	actions permissions set-2
github	reverse_etl	actions permissions set-3
github	reverse_etl	actions permissions set-4
github	reverse_etl	actions permissions set-5
github	reverse_etl	actions permissions set-6
github	reverse_etl	actions permissions set-7
github	reverse_etl	actions permissions set
github	direct_read	actions permissions view
github	direct_read	actions public-key view
github	reverse_etl	actions registration-token create
github	reverse_etl	actions remove-all-custom-labels-from-self-hosted-runner-for-org
github	reverse_etl	actions remove-custom-label-from-self-hosted-runner-for-org
github	reverse_etl	actions remove-repo-access-to-self-hosted-runner-group-in-org
github	reverse_etl	actions remove-selected-repo-from-org-secret
github	reverse_etl	actions remove-selected-repo-from-org-variable
github	reverse_etl	actions remove-self-hosted-runner-from-group-for-org
github	reverse_etl	actions remove-token create
github	reverse_etl	actions rerun create
github	reverse_etl	actions rerun-failed-jobs create
github	reverse_etl	actions retention-limit set
github	direct_read	actions retention-limit view
github	reverse_etl	actions runners delete
github	direct_read	actions runners view-2
github	direct_read	actions runners view
github	direct_read	actions runs view-2
github	direct_read	actions runs view
github	direct_read	actions secrets view-2
github	direct_read	actions secrets view
github	direct_read	actions selected-actions view
github	reverse_etl	actions set-actions-cache-retention-limit-for-enterprise
github	reverse_etl	actions set-actions-cache-retention-limit-for-organization
github	reverse_etl	actions set-actions-cache-storage-limit-for-enterprise
github	reverse_etl	actions set-actions-cache-storage-limit-for-organization
github	reverse_etl	actions set-allowed-actions-organization
github	reverse_etl	actions set-artifact-and-log-retention-settings-organization
github	reverse_etl	actions set-custom-labels-for-self-hosted-runner-for-org
github	reverse_etl	actions set-fork-pr-contributor-approval-permissions-organization
github	reverse_etl	actions set-github-actions-default-workflow-permissions-organization
github	reverse_etl	actions set-github-actions-permissions-organization
github	reverse_etl	actions set-private-repo-fork-pr-workflows-settings-organization
github	reverse_etl	actions set-repo-access-to-self-hosted-runner-group-in-org
github	reverse_etl	actions set-selected-repos-for-org-secret
github	reverse_etl	actions set-selected-repos-for-org-variable
github	reverse_etl	actions set-selected-repositories-enabled-github-actions-organization
github	reverse_etl	actions set-selected-repositories-self-hosted-runners-organization
github	reverse_etl	actions set-self-hosted-runners-in-group-for-org
github	reverse_etl	actions set-self-hosted-runners-permissions-organization
github	reverse_etl	actions storage-limit set
github	direct_read	actions storage-limit view
github	reverse_etl	actions sub set
github	direct_read	actions sub view
github	direct_read	actions timing view-2
github	direct_read	actions timing view
github	reverse_etl	actions update-hosted-runner-for-org
github	reverse_etl	actions update-org-variable
github	reverse_etl	actions update-self-hosted-runner-group-for-org
github	direct_read	actions usage view
github	direct_read	actions variables view-2
github	direct_read	actions variables view
github	direct_read	actions workflow view
github	direct_read	actions workflows view
github	reverse_etl	activity delete-thread-subscription
github	direct_read	activity get-feeds
github	direct_read	activity get-thread
github	direct_read	activity get-thread-subscription-for-authenticated-user
github	direct_read	activity list-events-for-authenticated-user
github	direct_read	activity list-notifications-for-authenticated-user
github	direct_read	activity list-org-events-for-authenticated-user
github	direct_read	activity list-public-events
github	direct_read	activity list-public-events-for-repo-network
github	direct_read	activity list-public-events-for-user
github	direct_read	activity list-public-org-events
github	direct_read	activity list-received-events-for-user
github	direct_read	activity list-received-public-events-for-user
github	direct_read	activity list-repos-starred-by-authenticated-user
github	direct_read	activity list-repos-starred-by-user
github	direct_read	activity list-repos-watched-by-user
github	direct_read	activity list-watched-repos-for-authenticated-user
github	reverse_etl	activity mark-notifications-as-read
github	reverse_etl	activity mark-thread-as-done
github	reverse_etl	activity mark-thread-as-read
github	reverse_etl	activity set-thread-subscription
github	reverse_etl	activity star-repo-for-authenticated-user
github	reverse_etl	activity unstar-repo-for-authenticated-user
github	direct_read	activity view
github	direct_read	agent-task list
github	reverse_etl	agent-tasks create-task-in-repo
github	direct_read	agent-tasks get-task-by-id
github	direct_read	agent-tasks get-task-by-repo-and-id
github	direct_read	agent-tasks list-tasks
github	direct_read	agent-tasks list-tasks-for-repo
github	reverse_etl	agents add-selected-repo-to-org-secret
github	reverse_etl	agents add-selected-repo-to-org-variable
github	reverse_etl	agents create-or-update-org-secret
github	reverse_etl	agents create-org-variable
github	reverse_etl	agents delete-org-secret
github	reverse_etl	agents delete-org-variable
github	direct_read	agents get-org-public-key
github	direct_read	agents get-org-secret
github	direct_read	agents get-org-variable
github	direct_read	agents list-org-secrets
github	direct_read	agents list-org-variables
github	direct_read	agents list-selected-repos-for-org-secret
github	direct_read	agents list-selected-repos-for-org-variable
github	direct_read	agents organization-secrets view
github	direct_read	agents organization-variables view
github	direct_read	agents public-key view
github	reverse_etl	agents remove-selected-repo-from-org-secret
github	reverse_etl	agents remove-selected-repo-from-org-variable
github	direct_read	agents secrets view-2
github	direct_read	agents secrets view
github	reverse_etl	agents set-selected-repos-for-org-secret
github	reverse_etl	agents set-selected-repos-for-org-variable
github	reverse_etl	agents update-org-variable
github	direct_read	agents variables view-2
github	direct_read	agents variables view
github	reverse_etl	api agents set-selected-repos-for-org-secret
github	reverse_etl	api agents set-selected-repos-for-org-variable
github	reverse_etl	api agents update-org-variable
github	reverse_etl	api code-scanning update-alert
github	reverse_etl	api dependabot update-alert
github	reverse_etl	api git create-ref
github	reverse_etl	api git delete-ref
github	reverse_etl	api git update-ref
github	reverse_etl	api issues add-assignees
github	reverse_etl	api issues add-labels
github	reverse_etl	api issues create-milestone
github	reverse_etl	api issues delete-comment
github	reverse_etl	api issues delete-milestone
github	reverse_etl	api issues remove-assignees
github	reverse_etl	api issues remove-label
github	reverse_etl	api issues set-labels
github	reverse_etl	api issues update-comment
github	reverse_etl	api issues update-milestone
github	reverse_etl	api pulls create-review-comment
github	reverse_etl	api pulls delete-review-comment
github	reverse_etl	api pulls dismiss-review
github	reverse_etl	api pulls request-reviewers
github	reverse_etl	api pulls submit-review
github	reverse_etl	api pulls update-review-comment
github	reverse_etl	api repos add-collaborator
github	reverse_etl	api repos create-commit-comment
github	reverse_etl	api repos create-deployment
github	reverse_etl	api repos create-or-update-environment
github	reverse_etl	api repos create-or-update-file-contents
github	reverse_etl	api repos create-webhook
github	reverse_etl	api repos delete-an-environment
github	reverse_etl	api repos delete-commit-comment
github	reverse_etl	api repos delete-file
github	reverse_etl	api repos delete-webhook
github	reverse_etl	api repos merge
github	reverse_etl	api repos remove-collaborator
github	reverse_etl	api repos replace-all-topics
github	reverse_etl	api repos update-commit-comment
github	reverse_etl	api repos update-release-asset
github	reverse_etl	api repos update-webhook
github	reverse_etl	api secret-scanning update-alert
github	direct_read	api-insights get-route-stats-by-actor
github	direct_read	api-insights get-subject-stats
github	direct_read	api-insights get-summary-stats
github	direct_read	api-insights get-summary-stats-by-actor
github	direct_read	api-insights get-summary-stats-by-user
github	direct_read	api-insights get-time-stats
github	direct_read	api-insights get-time-stats-by-actor
github	direct_read	api-insights get-time-stats-by-user
github	direct_read	api-insights get-user-stats
github	reverse_etl	app access_tokens create
github	reverse_etl	applications grant delete
github	reverse_etl	applications token create
github	reverse_etl	applications token delete
github	reverse_etl	applications token update
github	reverse_etl	apps add-repo-to-installation-for-authenticated-user
github	reverse_etl	apps create-from-manifest
github	reverse_etl	apps delete-installation
github	direct_read	apps get-authenticated
github	direct_read	apps get-by-slug
github	direct_read	apps get-installation
github	direct_read	apps get-org-installation
github	direct_read	apps get-subscription-plan-for-account
github	direct_read	apps get-subscription-plan-for-account-stubbed
github	direct_read	apps get-user-installation
github	direct_read	apps get-webhook-config-for-app
github	direct_read	apps get-webhook-delivery
github	direct_read	apps list-accounts-for-plan
github	direct_read	apps list-accounts-for-plan-stubbed
github	direct_read	apps list-installation-repos-for-authenticated-user
github	direct_read	apps list-installation-requests-for-authenticated-app
github	direct_read	apps list-installations
github	direct_read	apps list-installations-for-authenticated-user
github	direct_read	apps list-plans
github	direct_read	apps list-plans-stubbed
github	direct_read	apps list-repos-accessible-to-installation
github	direct_read	apps list-subscriptions-for-authenticated-user
github	direct_read	apps list-subscriptions-for-authenticated-user-stubbed
github	direct_read	apps list-webhook-deliveries
github	reverse_etl	apps redeliver-webhook-delivery
github	reverse_etl	apps remove-repo-from-installation-for-authenticated-user
github	reverse_etl	apps revoke-installation-access-token
github	reverse_etl	apps scope-token
github	reverse_etl	apps suspend-installation
github	reverse_etl	apps unsuspend-installation
github	reverse_etl	apps update-webhook-config-for-app
github	direct_read	artifact download-2
github	direct_read	artifact download-3
github	binary_download	artifact download
github	direct_read	assignees view-2
github	direct_read	assignees view
github	reverse_etl	attestations create
github	direct_read	attestations view
github	reverse_etl	autolinks create
github	reverse_etl	autolinks delete
github	direct_read	autolinks view
github	reverse_etl	automated-security-fixes delete
github	reverse_etl	automated-security-fixes set
github	direct_read	automated-security-fixes view
github	reverse_etl	billing create-organization-budget
github	reverse_etl	billing delete-budget-org
github	direct_read	billing get-all-budgets-org
github	direct_read	billing get-budget-org
github	direct_read	billing get-github-billing-ai-credit-usage-report-org
github	direct_read	billing get-github-billing-ai-credit-usage-report-user
github	direct_read	billing get-github-billing-premium-request-usage-report-org
github	direct_read	billing get-github-billing-premium-request-usage-report-user
github	direct_read	billing get-github-billing-usage-report-org
github	direct_read	billing get-github-billing-usage-report-user
github	direct_read	billing get-github-billing-usage-summary-report-org
github	direct_read	billing get-github-billing-usage-summary-report-user
github	reverse_etl	billing update-budget-org
github	reverse_etl	branches apps create
github	reverse_etl	branches apps delete
github	reverse_etl	branches apps set
github	direct_read	branches apps view
github	reverse_etl	branches contexts create
github	reverse_etl	branches contexts delete
github	reverse_etl	branches contexts set
github	direct_read	branches contexts view
github	reverse_etl	branches enforce_admins create
github	reverse_etl	branches enforce_admins delete
github	direct_read	branches enforce_admins view
github	reverse_etl	branches protection delete
github	reverse_etl	branches protection set
github	direct_read	branches protection view
github	reverse_etl	branches rename create
github	reverse_etl	branches required_pull_request_reviews delete
github	reverse_etl	branches required_pull_request_reviews update
github	direct_read	branches required_pull_request_reviews view
github	reverse_etl	branches required_signatures create
github	reverse_etl	branches required_signatures delete
github	direct_read	branches required_signatures view
github	reverse_etl	branches required_status_checks delete
github	reverse_etl	branches required_status_checks update
github	direct_read	branches required_status_checks view
github	reverse_etl	branches restrictions delete
github	direct_read	branches restrictions view
github	reverse_etl	branches teams create
github	reverse_etl	branches teams delete
github	reverse_etl	branches teams set
github	direct_read	branches teams view
github	reverse_etl	branches users create
github	reverse_etl	branches users delete
github	reverse_etl	branches users set
github	direct_read	branches users view
github	direct_read	branches view
github	reverse_etl	cache delete
github	direct_read	cache list
github	reverse_etl	campaigns delete-campaign
github	direct_read	campaigns get-campaign-summary
github	direct_read	campaigns list-org-campaigns
github	reverse_etl	campaigns update-campaign
github	direct_read	check-runs annotations view
github	reverse_etl	check-runs create
github	reverse_etl	check-runs rerequest create
github	reverse_etl	check-runs update
github	direct_read	check-runs view
github	direct_read	check-suites check-runs view
github	reverse_etl	check-suites create
github	reverse_etl	check-suites preferences update
github	reverse_etl	check-suites rerequest create
github	direct_read	check-suites view
github	direct_read	classroom get-a-classroom
github	direct_read	classroom get-an-assignment
github	direct_read	classroom get-assignment-grades
github	direct_read	classroom list-accepted-assignments-for-an-assignment
github	direct_read	classroom list-assignments-for-a-classroom
github	direct_read	classroom list-classrooms
github	direct_read	code-quality findings view-2
github	direct_read	code-quality findings view
github	reverse_etl	code-quality setup update
github	direct_read	code-quality setup view
github	reverse_etl	code-sanning upload
github	direct_read	code-scanning alerts view
github	reverse_etl	code-scanning analyses delete
github	direct_read	code-scanning analyses view-2
github	direct_read	code-scanning analyses view
github	reverse_etl	code-scanning autofix create
github	direct_read	code-scanning autofix view
github	reverse_etl	code-scanning commits create
github	reverse_etl	code-scanning databases delete
github	direct_read	code-scanning databases view-2
github	direct_read	code-scanning databases view
github	reverse_etl	code-scanning default-setup update
github	direct_read	code-scanning default-setup view
github	direct_read	code-scanning instances view
github	direct_read	code-scanning list-alerts-for-org
github	direct_read	code-scanning repos view
github	direct_read	code-scanning sarifs view
github	reverse_etl	code-scanning variant-analyses create
github	direct_read	code-scanning variant-analyses view
github	reverse_etl	code-security attach-configuration
github	reverse_etl	code-security attach-enterprise-configuration
github	reverse_etl	code-security create-configuration-for-enterprise
github	reverse_etl	code-security create-configuration
github	reverse_etl	code-security delete-configuration-for-enterprise
github	reverse_etl	code-security delete-configuration
github	reverse_etl	code-security detach-configuration
github	direct_read	code-security get-configuration
github	direct_read	code-security get-configurations-for-enterprise
github	direct_read	code-security get-configurations-for-org
github	direct_read	code-security get-default-configurations
github	direct_read	code-security get-default-configurations-for-enterprise
github	direct_read	code-security get-repositories-for-configuration
github	direct_read	code-security get-repositories-for-enterprise-configuration
github	direct_read	code-security get-single-configuration-for-enterprise
github	reverse_etl	code-security set-configuration-as-default-for-enterprise
github	reverse_etl	code-security set-configuration-as-default
github	reverse_etl	code-security update-configuration
github	reverse_etl	code-security update-enterprise-configuration
github	direct_read	code-security-configuration view
github	direct_read	codeowners errors view
github	direct_read	codes-of-conduct get-all-codes-of-conduct
github	direct_read	codes-of-conduct get-conduct-code
github	reverse_etl	codespace create
github	direct_read	codespace list
github	reverse_etl	codespaces add-repository-for-secret-for-authenticated-user
github	reverse_etl	codespaces add-selected-repo-to-org-secret
github	direct_read	codespaces codespace-machines-for-authenticated-user
github	reverse_etl	codespaces create-from-pull-request
github	reverse_etl	codespaces create-from-repository
github	reverse_etl	codespaces create-or-update-org-secret
github	reverse_etl	codespaces create-or-update-secret-for-authenticated-user
github	reverse_etl	codespaces create
github	reverse_etl	codespaces delete-codespaces-access-users
github	reverse_etl	codespaces delete-for-authenticated-user
github	reverse_etl	codespaces delete-from-organization
github	reverse_etl	codespaces delete-org-secret
github	reverse_etl	codespaces delete-secret-for-authenticated-user
github	direct_read	codespaces devcontainers view
github	reverse_etl	codespaces export-for-authenticated-user
github	direct_read	codespaces get-codespaces-for-user-in-org
github	direct_read	codespaces get-export-details-for-authenticated-user
github	direct_read	codespaces get-for-authenticated-user
github	direct_read	codespaces get-org-public-key
github	direct_read	codespaces get-org-secret
github	direct_read	codespaces get-public-key-for-authenticated-user
github	direct_read	codespaces get-secret-for-authenticated-user
github	direct_read	codespaces list-for-authenticated-user
github	direct_read	codespaces list-in-organization
github	direct_read	codespaces list-org-secrets
github	direct_read	codespaces list-repositories-for-secret-for-authenticated-user
github	direct_read	codespaces list-secrets-for-authenticated-user
github	direct_read	codespaces list-selected-repos-for-org-secret
github	direct_read	codespaces machines view
github	direct_read	codespaces new view
github	direct_read	codespaces permissions_check view
github	direct_read	codespaces public-key view
github	reverse_etl	codespaces publish-for-authenticated-user
github	reverse_etl	codespaces remove-repository-for-secret-for-authenticated-user
github	reverse_etl	codespaces remove-selected-repo-from-org-secret
github	direct_read	codespaces secrets view-2
github	direct_read	codespaces secrets view
github	reverse_etl	codespaces set-codespaces-access-users
github	reverse_etl	codespaces set-codespaces-access
github	reverse_etl	codespaces set-repositories-for-secret-for-authenticated-user
github	reverse_etl	codespaces set-selected-repos-for-org-secret
github	reverse_etl	codespaces start-for-authenticated-user
github	reverse_etl	codespaces stop-for-authenticated-user
github	reverse_etl	codespaces stop-in-organization
github	reverse_etl	codespaces update-for-authenticated-user
github	direct_read	codespaces view
github	direct_read	collaborators permission view
github	direct_read	collaborators view
github	reverse_etl	comments reactions create
github	reverse_etl	comments reactions delete
github	direct_read	comments reactions view
github	direct_read	comments view
github	direct_read	commits branches-where-head view
github	direct_read	commits check-runs view
github	direct_read	commits check-suites view
github	direct_read	commits comments view
github	direct_read	commits pulls view
github	direct_read	commits status view
github	direct_read	commits statuses view
github	direct_read	commits view
github	direct_read	community profile view
github	direct_read	compare view
github	reverse_etl	copilot add-copilot-seats-for-teams
github	reverse_etl	copilot add-copilot-seats-for-users
github	reverse_etl	copilot add-organizations-to-enterprise-coding-agent-policy
github	reverse_etl	copilot cancel-copilot-seat-assignment-for-teams
github	reverse_etl	copilot cancel-copilot-seat-assignment-for-users
github	direct_read	copilot configuration view
github	direct_read	copilot copilot-content-exclusion-for-organization
github	direct_read	copilot copilot-enterprise-one-day-usage-metrics
github	direct_read	copilot copilot-enterprise-repos-one-day-report
github	direct_read	copilot copilot-enterprise-usage-metrics
github	direct_read	copilot copilot-enterprise-user-teams-one-day-report
github	direct_read	copilot copilot-organization-one-day-usage-metrics
github	direct_read	copilot copilot-organization-repos-one-day-report
github	direct_read	copilot copilot-organization-usage-metrics
github	direct_read	copilot copilot-organization-user-teams-one-day-report
github	direct_read	copilot copilot-organization-users-one-day-usage-metrics
github	direct_read	copilot copilot-organization-users-usage-metrics
github	direct_read	copilot copilot-users-one-day-usage-metrics
github	direct_read	copilot copilot-users-usage-metrics
github	reverse_etl	copilot disable-copilot-coding-agent-for-repository-in-organization
github	reverse_etl	copilot enable-copilot-coding-agent-for-repository-in-organization
github	direct_read	copilot get-copilot-coding-agent-permissions-organization
github	direct_read	copilot get-copilot-organization-details
github	direct_read	copilot get-copilot-seat-details-for-user
github	direct_read	copilot list-copilot-coding-agent-selected-repositories-for-organization
github	direct_read	copilot list-copilot-seats
github	reverse_etl	copilot remove-organizations-from-enterprise-coding-agent-policy
github	reverse_etl	copilot set-copilot-coding-agent-permissions-organization
github	reverse_etl	copilot set-copilot-coding-agent-selected-repositories-for-organization
github	reverse_etl	copilot set-copilot-content-exclusion-for-organization
github	reverse_etl	copilot set-enterprise-coding-agent-policy
github	reverse_etl	copilot-spaces add-collaborator-for-org
github	reverse_etl	copilot-spaces add-collaborator-for-user
github	reverse_etl	copilot-spaces create-for-org
github	reverse_etl	copilot-spaces create-for-user
github	reverse_etl	copilot-spaces create-resource-for-org
github	reverse_etl	copilot-spaces create-resource-for-user
github	reverse_etl	copilot-spaces delete-for-org
github	reverse_etl	copilot-spaces delete-for-user
github	reverse_etl	copilot-spaces delete-resource-for-org
github	reverse_etl	copilot-spaces delete-resource-for-user
github	direct_read	copilot-spaces get-for-org
github	direct_read	copilot-spaces get-for-user
github	direct_read	copilot-spaces get-resource-for-org
github	direct_read	copilot-spaces get-resource-for-user
github	direct_read	copilot-spaces list-collaborators-for-org
github	direct_read	copilot-spaces list-collaborators-for-user
github	direct_read	copilot-spaces list-for-org
github	direct_read	copilot-spaces list-for-user
github	direct_read	copilot-spaces list-resources-for-org
github	direct_read	copilot-spaces list-resources-for-user
github	reverse_etl	copilot-spaces remove-collaborator-for-org
github	reverse_etl	copilot-spaces remove-collaborator-for-user
github	reverse_etl	copilot-spaces update-collaborator-for-org
github	reverse_etl	copilot-spaces update-collaborator-for-user
github	reverse_etl	copilot-spaces update-for-org
github	reverse_etl	copilot-spaces update-for-user
github	reverse_etl	copilot-spaces update-resource-for-org
github	reverse_etl	copilot-spaces update-resource-for-user
github	reverse_etl	credentials revoke
github	reverse_etl	dependabot add-selected-repo-to-org-secret
github	direct_read	dependabot alerts view
github	reverse_etl	dependabot create-or-update-org-secret
github	reverse_etl	dependabot delete-org-secret
github	direct_read	dependabot get-org-public-key
github	direct_read	dependabot get-org-secret
github	direct_read	dependabot list-alerts-for-enterprise
github	direct_read	dependabot list-alerts-for-org
github	direct_read	dependabot list-org-secrets
github	direct_read	dependabot list-selected-repos-for-org-secret
github	direct_read	dependabot public-key view
github	reverse_etl	dependabot remove-selected-repo-from-org-secret
github	direct_read	dependabot repository-access-for-enterprise
github	direct_read	dependabot repository-access-for-org
github	direct_read	dependabot secrets view-2
github	direct_read	dependabot secrets view
github	reverse_etl	dependabot set-repository-access-default-level-for-enterprise
github	reverse_etl	dependabot set-repository-access-default-level
github	reverse_etl	dependabot set-selected-repos-for-org-secret
github	reverse_etl	dependabot update-repository-access-for-enterprise
github	reverse_etl	dependabot update-repository-access-for-org
github	direct_read	dependency-graph compare view
github	reverse_etl	dependency-graph snapshots create
github	reverse_etl	deployments delete
github	reverse_etl	deployments statuses create
github	direct_read	deployments statuses view-2
github	direct_read	deployments statuses view
github	direct_read	deployments view
github	direct_write	discussion create
github	etl	discussion list
github	etl	discussion view
github	reverse_etl	dispatches create
github	direct_read	emojis get
github	reverse_etl	enterprise-team-memberships add
github	reverse_etl	enterprise-team-memberships bulk-add
github	reverse_etl	enterprise-team-memberships bulk-remove
github	direct_read	enterprise-team-memberships get
github	direct_read	enterprise-team-memberships list
github	reverse_etl	enterprise-team-memberships remove
github	reverse_etl	enterprise-team-organizations add
github	reverse_etl	enterprise-team-organizations bulk-add
github	reverse_etl	enterprise-team-organizations bulk-remove
github	reverse_etl	enterprise-team-organizations delete
github	direct_read	enterprise-team-organizations get-assignment
github	direct_read	enterprise-team-organizations get-assignments
github	reverse_etl	enterprise-teams create
github	reverse_etl	enterprise-teams delete
github	direct_read	enterprise-teams get
github	direct_read	enterprise-teams list
github	reverse_etl	enterprise-teams update
github	direct_read	environments apps view
github	reverse_etl	environments deployment_protection_rules create
github	reverse_etl	environments deployment_protection_rules delete
github	direct_read	environments deployment_protection_rules view-2
github	direct_read	environments deployment_protection_rules view
github	reverse_etl	environments deployment-branch-policies create
github	reverse_etl	environments deployment-branch-policies delete
github	reverse_etl	environments deployment-branch-policies set
github	direct_read	environments deployment-branch-policies view-2
github	direct_read	environments deployment-branch-policies view
github	direct_read	environments public-key view
github	direct_read	environments secrets view-2
github	direct_read	environments secrets view
github	direct_read	environments variables view-2
github	direct_read	environments variables view
github	direct_read	environments view
github	direct_read	events view
github	direct_read	gist list
github	reverse_etl	gists create-comment
github	reverse_etl	gists create
github	reverse_etl	gists delete-comment
github	reverse_etl	gists delete
github	reverse_etl	gists fork
github	direct_read	gists get
github	direct_read	gists get-comment
github	direct_read	gists get-revision
github	direct_read	gists list
github	direct_read	gists list-comments
github	direct_read	gists list-commits
github	direct_read	gists list-for-user
github	direct_read	gists list-forks
github	direct_read	gists list-public
github	direct_read	gists list-starred
github	direct_read	gists star check
github	reverse_etl	gists star
github	reverse_etl	gists unstar
github	reverse_etl	gists update-comment
github	reverse_etl	gists update
github	reverse_etl	git blobs create
github	direct_read	git blobs view
github	reverse_etl	git commits create
github	direct_read	git commits view
github	direct_read	git matching-refs view
github	direct_read	git ref view
github	reverse_etl	git tags create
github	direct_read	git tags view
github	reverse_etl	git trees create
github	direct_read	git trees view
github	direct_read	gitignore get-all-templates
github	direct_read	gitignore get-template
github	direct_read	gpg-key list
github	direct_write	graphql mutation abort-queued-migrations
github	direct_write	graphql mutation abort-repository-migration
github	direct_write	graphql mutation accept-enterprise-administrator-invitation
github	direct_write	graphql mutation accept-enterprise-member-invitation
github	direct_write	graphql mutation accept-topic-suggestion
github	direct_write	graphql mutation access-user-namespace-repository
github	direct_write	graphql mutation add-assignees-to-assignable
github	direct_write	graphql mutation add-blocked-by
github	direct_write	graphql mutation add-comment
github	direct_write	graphql mutation add-discussion-comment
github	direct_write	graphql mutation add-discussion-poll-vote
github	direct_write	graphql mutation add-enterprise-organization-member
github	direct_write	graphql mutation add-enterprise-support-entitlement
github	direct_write	graphql mutation add-labels-to-labelable
github	direct_write	graphql mutation add-project-card
github	direct_write	graphql mutation add-project-column
github	direct_write	graphql mutation add-project-v2-draft-issue
github	direct_write	graphql mutation add-project-v2-item-by-id
github	direct_write	graphql mutation add-pull-request-creation-cap-bypass-users
github	direct_write	graphql mutation add-pull-request-review-comment
github	direct_write	graphql mutation add-pull-request-review-thread-reply
github	direct_write	graphql mutation add-pull-request-review-thread
github	direct_write	graphql mutation add-pull-request-review
github	direct_write	graphql mutation add-reaction
github	direct_write	graphql mutation add-star
github	direct_write	graphql mutation add-sub-issue
github	direct_write	graphql mutation add-upvote
github	direct_write	graphql mutation add-verifiable-domain
github	direct_write	graphql mutation apply-pending-issue-suggestions
github	direct_write	graphql mutation approve-deployments
github	direct_write	graphql mutation approve-verifiable-domain
github	direct_write	graphql mutation archive-project-v2-item
github	direct_write	graphql mutation archive-pull-request
github	direct_write	graphql mutation archive-repository
github	direct_write	graphql mutation cancel-enterprise-admin-invitation
github	direct_write	graphql mutation cancel-enterprise-member-invitation
github	direct_write	graphql mutation cancel-sponsorship
github	direct_write	graphql mutation change-user-status
github	direct_write	graphql mutation clear-labels-from-labelable
github	direct_write	graphql mutation clear-project-v2-item-field-value
github	direct_write	graphql mutation clone-project
github	direct_write	graphql mutation clone-template-repository
github	direct_write	graphql mutation close-discussion
github	direct_write	graphql mutation close-issue
github	direct_write	graphql mutation close-pull-request
github	direct_write	graphql mutation convert-project-card-note-to-issue
github	direct_write	graphql mutation convert-project-v2-draft-issue-item-to-issue
github	direct_write	graphql mutation convert-pull-request-to-draft
github	direct_write	graphql mutation copy-project-v2
github	direct_write	graphql mutation create-attribution-invitation
github	direct_write	graphql mutation create-branch-protection-rule
github	direct_write	graphql mutation create-check-run
github	direct_write	graphql mutation create-check-suite
github	direct_write	graphql mutation create-commit-on-branch
github	direct_write	graphql mutation create-deployment-status
github	direct_write	graphql mutation create-deployment
github	direct_write	graphql mutation create-discussion
github	direct_write	graphql mutation create-enterprise-organization
github	direct_write	graphql mutation create-environment
github	direct_write	graphql mutation create-ip-allow-list-entry
github	direct_write	graphql mutation create-issue-field-value
github	direct_write	graphql mutation create-issue-field
github	direct_write	graphql mutation create-issue-type
github	direct_write	graphql mutation create-issue
github	direct_write	graphql mutation create-label
github	direct_write	graphql mutation create-linked-branch
github	direct_write	graphql mutation create-migration-source
github	direct_write	graphql mutation create-project-v2-field
github	direct_write	graphql mutation create-project-v2-issue-field
github	direct_write	graphql mutation create-project-v2-status-update
github	direct_write	graphql mutation create-project-v2-view
github	direct_write	graphql mutation create-project-v2
github	direct_write	graphql mutation create-project
github	direct_write	graphql mutation create-pull-request
github	direct_write	graphql mutation create-ref
github	direct_write	graphql mutation create-repository-custom-property
github	direct_write	graphql mutation create-repository-ruleset
github	direct_write	graphql mutation create-repository
github	direct_write	graphql mutation create-sponsors-listing
github	direct_write	graphql mutation create-sponsors-tier
github	direct_write	graphql mutation create-sponsorship
github	direct_write	graphql mutation create-sponsorships
github	direct_write	graphql mutation create-user-list
github	direct_write	graphql mutation decline-topic-suggestion
github	direct_write	graphql mutation delete-branch-protection-rule
github	direct_write	graphql mutation delete-deployment
github	direct_write	graphql mutation delete-discussion-comment
github	direct_write	graphql mutation delete-discussion
github	direct_write	graphql mutation delete-environment
github	direct_write	graphql mutation delete-ip-allow-list-entry
github	direct_write	graphql mutation delete-issue-comment
github	direct_write	graphql mutation delete-issue-field-value
github	direct_write	graphql mutation delete-issue-field
github	direct_write	graphql mutation delete-issue-type
github	direct_write	graphql mutation delete-issue
github	direct_write	graphql mutation delete-label
github	direct_write	graphql mutation delete-linked-branch
github	direct_write	graphql mutation delete-package-version
github	direct_write	graphql mutation delete-project-card
github	direct_write	graphql mutation delete-project-column
github	direct_write	graphql mutation delete-project-v2-field
github	direct_write	graphql mutation delete-project-v2-item
github	direct_write	graphql mutation delete-project-v2-status-update
github	direct_write	graphql mutation delete-project-v2-view
github	direct_write	graphql mutation delete-project-v2-workflow
github	direct_write	graphql mutation delete-project-v2
github	direct_write	graphql mutation delete-project
github	direct_write	graphql mutation delete-pull-request-review-comment
github	direct_write	graphql mutation delete-pull-request-review
github	direct_write	graphql mutation delete-ref
github	direct_write	graphql mutation delete-repository-custom-property
github	direct_write	graphql mutation delete-repository-ruleset
github	direct_write	graphql mutation delete-user-list
github	direct_write	graphql mutation delete-verifiable-domain
github	direct_write	graphql mutation dequeue-pull-request
github	direct_write	graphql mutation disable-pull-request-auto-merge
github	direct_write	graphql mutation dismiss-pull-request-review
github	direct_write	graphql mutation dismiss-repository-vulnerability-alert
github	direct_write	graphql mutation enable-pull-request-auto-merge
github	direct_write	graphql mutation enqueue-pull-request
github	direct_write	graphql mutation follow-organization
github	direct_write	graphql mutation follow-user
github	direct_write	graphql mutation grant-enterprise-organizations-migrator-role
github	direct_write	graphql mutation grant-migrator-role
github	direct_write	graphql mutation import-project
github	direct_write	graphql mutation invite-enterprise-admin
github	direct_write	graphql mutation invite-enterprise-member
github	direct_write	graphql mutation link-project-v2-to-repository
github	direct_write	graphql mutation link-project-v2-to-team
github	direct_write	graphql mutation link-repository-to-project
github	direct_write	graphql mutation lock-lockable
github	direct_write	graphql mutation mark-discussion-comment-as-answer
github	direct_write	graphql mutation mark-file-as-viewed
github	direct_write	graphql mutation mark-project-v2-as-template
github	direct_write	graphql mutation mark-pull-request-ready-for-review
github	direct_write	graphql mutation merge-branch
github	direct_write	graphql mutation merge-pull-request
github	direct_write	graphql mutation minimize-comment
github	direct_write	graphql mutation move-project-card
github	direct_write	graphql mutation move-project-column
github	direct_write	graphql mutation pin-environment
github	direct_write	graphql mutation pin-issue-comment
github	direct_write	graphql mutation pin-issue
github	direct_write	graphql mutation promote-repository-custom-property
github	direct_write	graphql mutation publish-sponsors-tier
github	direct_write	graphql mutation regenerate-enterprise-identity-provider-recovery-codes
github	direct_write	graphql mutation regenerate-verifiable-domain-token
github	direct_write	graphql mutation reject-deployments
github	direct_write	graphql mutation reject-pending-issue-suggestions
github	direct_write	graphql mutation remove-assignees-from-assignable
github	direct_write	graphql mutation remove-blocked-by
github	direct_write	graphql mutation remove-enterprise-admin
github	direct_write	graphql mutation remove-enterprise-identity-provider
github	direct_write	graphql mutation remove-enterprise-member
github	direct_write	graphql mutation remove-enterprise-organization
github	direct_write	graphql mutation remove-enterprise-support-entitlement
github	direct_write	graphql mutation remove-labels-from-labelable
github	direct_write	graphql mutation remove-outside-collaborator
github	direct_write	graphql mutation remove-pull-request-creation-cap-bypass-users
github	direct_write	graphql mutation remove-reaction
github	direct_write	graphql mutation remove-star
github	direct_write	graphql mutation remove-sub-issue
github	direct_write	graphql mutation remove-upvote
github	direct_write	graphql mutation reopen-discussion
github	direct_write	graphql mutation reopen-issue
github	direct_write	graphql mutation reopen-pull-request
github	direct_write	graphql mutation reorder-environment
github	direct_write	graphql mutation replace-actors-for-assignable
github	direct_write	graphql mutation reprioritize-sub-issue
github	direct_write	graphql mutation request-reviews-by-login
github	direct_write	graphql mutation request-reviews
github	direct_write	graphql mutation rerequest-check-suite
github	direct_write	graphql mutation resolve-review-thread
github	direct_write	graphql mutation retire-sponsors-tier
github	direct_write	graphql mutation revert-pull-request
github	direct_write	graphql mutation revoke-enterprise-organizations-migrator-role
github	direct_write	graphql mutation revoke-migrator-role
github	direct_write	graphql mutation set-enterprise-identity-provider
github	direct_write	graphql mutation set-issue-field-value
github	direct_write	graphql mutation set-organization-interaction-limit
github	direct_write	graphql mutation set-repository-custom-property-values
github	direct_write	graphql mutation set-repository-interaction-limit
github	direct_write	graphql mutation set-user-interaction-limit
github	direct_write	graphql mutation start-organization-migration
github	direct_write	graphql mutation start-repository-migration
github	direct_write	graphql mutation submit-pull-request-review
github	direct_write	graphql mutation transfer-enterprise-organization
github	direct_write	graphql mutation transfer-issue
github	direct_write	graphql mutation unarchive-project-v2-item
github	direct_write	graphql mutation unarchive-pull-request
github	direct_write	graphql mutation unarchive-repository
github	direct_write	graphql mutation unfollow-organization
github	direct_write	graphql mutation unfollow-user
github	direct_write	graphql mutation unlink-project-v2-from-repository
github	direct_write	graphql mutation unlink-project-v2-from-team
github	direct_write	graphql mutation unlink-repository-from-project
github	direct_write	graphql mutation unlock-lockable
github	direct_write	graphql mutation unmark-discussion-comment-as-answer
github	direct_write	graphql mutation unmark-file-as-viewed
github	direct_write	graphql mutation unmark-issue-as-duplicate
github	direct_write	graphql mutation unmark-project-v2-as-template
github	direct_write	graphql mutation unminimize-comment
github	direct_write	graphql mutation unpin-issue-comment
github	direct_write	graphql mutation unpin-issue
github	direct_write	graphql mutation unresolve-review-thread
github	direct_write	graphql mutation update-branch-protection-rule
github	direct_write	graphql mutation update-check-run
github	direct_write	graphql mutation update-check-suite-preferences
github	direct_write	graphql mutation update-discussion-comment
github	direct_write	graphql mutation update-discussion
github	direct_write	graphql mutation update-enterprise-administrator-role
github	direct_write	graphql mutation update-enterprise-allow-private-repository-forking-setting
github	direct_write	graphql mutation update-enterprise-default-repository-permission-setting
github	direct_write	graphql mutation update-enterprise-deploy-key-setting
github	direct_write	graphql mutation update-enterprise-members-can-change-repository-visibility-setting
github	direct_write	graphql mutation update-enterprise-members-can-create-repositories-setting
github	direct_write	graphql mutation update-enterprise-members-can-delete-issues-setting
github	direct_write	graphql mutation update-enterprise-members-can-delete-repositories-setting
github	direct_write	graphql mutation update-enterprise-members-can-invite-collaborators-setting
github	direct_write	graphql mutation update-enterprise-members-can-make-purchases-setting
github	direct_write	graphql mutation update-enterprise-members-can-update-protected-branches-setting
github	direct_write	graphql mutation update-enterprise-members-can-view-dependency-insights-setting
github	direct_write	graphql mutation update-enterprise-organization-projects-setting
github	direct_write	graphql mutation update-enterprise-owner-organization-role
github	direct_write	graphql mutation update-enterprise-profile
github	direct_write	graphql mutation update-enterprise-proof-of-presence-required-setting
github	direct_write	graphql mutation update-enterprise-repository-projects-setting
github	direct_write	graphql mutation update-enterprise-two-factor-authentication-disallowed-methods-setting
github	direct_write	graphql mutation update-enterprise-two-factor-authentication-required-setting
github	direct_write	graphql mutation update-environment
github	direct_write	graphql mutation update-ip-allow-list-enabled-setting
github	direct_write	graphql mutation update-ip-allow-list-entry
github	direct_write	graphql mutation update-ip-allow-list-for-installed-apps-enabled-setting
github	direct_write	graphql mutation update-ip-allow-list-user-level-enforcement-enabled-setting
github	direct_write	graphql mutation update-issue-comment
github	direct_write	graphql mutation update-issue-field-value
github	direct_write	graphql mutation update-issue-field
github	direct_write	graphql mutation update-issue-issue-type
github	direct_write	graphql mutation update-issue-type
github	direct_write	graphql mutation update-issue
github	direct_write	graphql mutation update-label
github	direct_write	graphql mutation update-notification-restriction-setting
github	direct_write	graphql mutation update-organization-allow-private-repository-forking-setting
github	direct_write	graphql mutation update-organization-web-commit-signoff-setting
github	direct_write	graphql mutation update-patreon-sponsorability
github	direct_write	graphql mutation update-project-card
github	direct_write	graphql mutation update-project-column
github	direct_write	graphql mutation update-project-v2-collaborators
github	direct_write	graphql mutation update-project-v2-draft-issue
github	direct_write	graphql mutation update-project-v2-field
github	direct_write	graphql mutation update-project-v2-item-field-value
github	direct_write	graphql mutation update-project-v2-item-position
github	direct_write	graphql mutation update-project-v2-status-update
github	direct_write	graphql mutation update-project-v2-view
github	direct_write	graphql mutation update-project-v2
github	direct_write	graphql mutation update-project
github	direct_write	graphql mutation update-pull-request-branch
github	direct_write	graphql mutation update-pull-request-review-comment
github	direct_write	graphql mutation update-pull-request-review
github	direct_write	graphql mutation update-pull-request
github	direct_write	graphql mutation update-ref
github	direct_write	graphql mutation update-refs
github	direct_write	graphql mutation update-repository-custom-property
github	direct_write	graphql mutation update-repository-ruleset
github	direct_write	graphql mutation update-repository-web-commit-signoff-setting
github	direct_write	graphql mutation update-repository
github	direct_write	graphql mutation update-sponsorship-preferences
github	direct_write	graphql mutation update-subscription
github	direct_write	graphql mutation update-team-review-assignment
github	direct_write	graphql mutation update-teams-repository
github	direct_write	graphql mutation update-topics
github	direct_write	graphql mutation update-user-list
github	direct_write	graphql mutation update-user-lists-for-item
github	direct_write	graphql mutation verify-verifiable-domain
github	direct_read	graphql query code-of-conduct
github	direct_read	graphql query codes-of-conduct
github	direct_read	graphql query enterprise-administrator-invitation-by-token
github	direct_read	graphql query enterprise-administrator-invitation
github	direct_read	graphql query enterprise-member-invitation-by-token
github	direct_read	graphql query enterprise-member-invitation
github	direct_read	graphql query enterprise
github	direct_read	graphql query id
github	direct_read	graphql query license
github	direct_read	graphql query licenses
github	direct_read	graphql query marketplace-categories
github	direct_read	graphql query marketplace-category
github	direct_read	graphql query marketplace-listing
github	direct_read	graphql query marketplace-listings
github	direct_read	graphql query meta
github	direct_read	graphql query node
github	direct_read	graphql query nodes
github	direct_read	graphql query organization
github	direct_read	graphql query rate-limit
github	direct_read	graphql query relay
github	direct_read	graphql query repository-owner
github	direct_read	graphql query repository
github	direct_read	graphql query resource
github	direct_read	graphql query search
github	direct_read	graphql query security-advisories
github	direct_read	graphql query security-advisory
github	direct_read	graphql query security-vulnerabilities
github	direct_read	graphql query sponsorables
github	direct_read	graphql query topic
github	direct_read	graphql query user
github	direct_read	graphql query viewer
github	direct_read	hash-algorithm view
github	direct_read	hooks config view
github	direct_read	hooks deliveries view-2
github	direct_read	hooks deliveries view
github	direct_read	hooks view
github	reverse_etl	hosted-compute create-network-configuration-for-org
github	reverse_etl	hosted-compute delete-network-configuration-from-org
github	direct_read	hosted-compute get-network-configuration-for-org
github	direct_read	hosted-compute get-network-settings-for-org
github	direct_read	hosted-compute list-network-configurations-for-org
github	reverse_etl	hosted-compute update-network-configuration-for-org
github	reverse_etl	immutable-releases delete
github	reverse_etl	immutable-releases set
github	direct_read	immutable-releases view
github	reverse_etl	import authors update
github	direct_read	import authors view
github	reverse_etl	import delete
github	direct_read	import large_files view
github	reverse_etl	import lfs update
github	reverse_etl	import set
github	reverse_etl	import update
github	direct_read	import view
github	direct_read	installation view
github	reverse_etl	interaction-limits bypass-list delete
github	reverse_etl	interaction-limits bypass-list set
github	direct_read	interaction-limits bypass-list view
github	reverse_etl	interaction-limits delete
github	reverse_etl	interaction-limits set
github	direct_read	interaction-limits view
github	direct_read	interactions get-pull-request-creation-cap-for-org
github	direct_read	interactions get-pull-request-creation-cap-for-repo
github	direct_read	interactions get-restrictions-for-authenticated-user
github	direct_read	interactions get-restrictions-for-org
github	reverse_etl	interactions remove-restrictions-for-authenticated-user
github	reverse_etl	interactions remove-restrictions-for-org
github	reverse_etl	interactions set-restrictions-for-authenticated-user
github	reverse_etl	interactions set-restrictions-for-org
github	reverse_etl	interactions update-pull-request-creation-cap-for-org
github	reverse_etl	interactions update-pull-request-creation-cap-for-repo
github	reverse_etl	invitations delete
github	reverse_etl	invitations update
github	reverse_etl	issue close
github	reverse_etl	issue comment
github	reverse_etl	issue create
github	direct_write	issue delete
github	reverse_etl	issue edit
github	etl	issue list
github	reverse_etl	issue lock
github	direct_write	issue pin
github	reverse_etl	issue reopen
github	direct_read	issue status
github	direct_write	issue transfer
github	reverse_etl	issue unlock
github	direct_write	issue unpin
github	direct_read	issue view
github	direct_read	issue-types view
github	reverse_etl	issues approve-suggestion
github	direct_read	issues assignees view
github	reverse_etl	issues blocked_by create
github	reverse_etl	issues blocked_by delete
github	direct_read	issues blocked_by view
github	direct_read	issues blocking view
github	direct_read	issues comments view-2
github	direct_read	issues comments view
github	reverse_etl	issues dismiss-suggestion
github	direct_read	issues events view-2
github	direct_read	issues events view
github	reverse_etl	issues issue-field-values create
github	reverse_etl	issues issue-field-values delete
github	reverse_etl	issues issue-field-values set
github	direct_read	issues issue-field-values view
github	reverse_etl	issues labels delete
github	direct_read	issues labels view
github	direct_read	issues list
github	direct_read	issues list-for-authenticated-user
github	direct_read	issues list-for-org
github	direct_read	issues list-suggestions
github	direct_read	issues parent view
github	reverse_etl	issues pin delete
github	reverse_etl	issues pin set
github	reverse_etl	issues priority update
github	reverse_etl	issues reactions create-2
github	reverse_etl	issues reactions create
github	reverse_etl	issues reactions delete-2
github	reverse_etl	issues reactions delete
github	direct_read	issues reactions view-2
github	direct_read	issues reactions view
github	reverse_etl	issues sub_issue delete
github	reverse_etl	issues sub_issues create
github	direct_read	issues sub_issues view
github	direct_read	issues timeline view
github	direct_read	issues view
github	direct_read	keys view
github	reverse_etl	label create
github	reverse_etl	label delete
github	reverse_etl	label edit
github	etl	label list
github	direct_read	labels view
github	direct_read	license view
github	direct_read	licenses get
github	direct_read	licenses get-all-commonly-used
github	direct_read	markdown raw render
github	direct_read	markdown render
github	reverse_etl	merge-upstream create
github	direct_read	meta get
github	direct_read	meta get-all-versions
github	direct_read	meta octocat view
github	direct_read	meta root
github	direct_read	meta zen view
github	reverse_etl	migrations delete-archive-for-authenticated-user
github	reverse_etl	migrations delete-archive-for-org
github	binary_download	migrations download-archive-for-org
github	binary_download	migrations get-archive-for-authenticated-user
github	direct_read	migrations get-status-for-authenticated-user
github	direct_read	migrations get-status-for-org
github	direct_read	migrations list-for-authenticated-user
github	direct_read	migrations list-for-org
github	direct_read	migrations list-repos-for-authenticated-user
github	direct_read	migrations list-repos-for-org
github	reverse_etl	migrations start-for-authenticated-user
github	reverse_etl	migrations start-for-org
github	reverse_etl	migrations unlock-repo-for-authenticated-user
github	reverse_etl	migrations unlock-repo-for-org
github	direct_read	milestones labels view
github	direct_read	milestones view
github	reverse_etl	notifications set
github	direct_read	notifications view
github	reverse_etl	oidc create-oidc-custom-property-inclusion-for-enterprise
github	reverse_etl	oidc create-oidc-custom-property-inclusion-for-org
github	reverse_etl	oidc delete-oidc-custom-property-inclusion-for-enterprise
github	reverse_etl	oidc delete-oidc-custom-property-inclusion-for-org
github	direct_read	oidc get-oidc-custom-sub-template-for-org
github	direct_read	oidc list-oidc-custom-property-inclusions-for-enterprise
github	direct_read	oidc list-oidc-custom-property-inclusions-for-org
github	reverse_etl	oidc update-oidc-custom-sub-template-for-org
github	direct_read	org list
github	reverse_etl	org secret-scanning custom-pattern update-end-delimiter
github	reverse_etl	org secret-scanning custom-pattern update-must-match
github	reverse_etl	org secret-scanning custom-pattern update-must-not-match
github	reverse_etl	org secret-scanning custom-pattern update-pattern
github	reverse_etl	org secret-scanning custom-pattern update-start-delimiter
github	reverse_etl	orgs add-security-manager-team
github	reverse_etl	orgs assign-team-to-org-role
github	reverse_etl	orgs assign-user-to-org-role
github	reverse_etl	orgs attestations delete-by-attestation-ids
github	reverse_etl	orgs attestations delete-by-subject-digests
github	reverse_etl	orgs block-user
github	direct_read	orgs blocks check
github	reverse_etl	orgs campaigns create-code-scanning
github	reverse_etl	orgs campaigns create-secret-scanning
github	reverse_etl	orgs cancel-invitation
github	reverse_etl	orgs convert-member-to-outside-collaborator
github	reverse_etl	orgs create-artifact-deployment-record
github	reverse_etl	orgs create-artifact-storage-record
github	reverse_etl	orgs create-cluster-deployment-records-job
github	reverse_etl	orgs create-invitation
github	reverse_etl	orgs create-issue-field
github	reverse_etl	orgs create-issue-type
github	reverse_etl	orgs create-webhook
github	reverse_etl	orgs custom-properties-for-repos-create-or-update-organization-definition
github	reverse_etl	orgs custom-properties-for-repos-create-or-update-organization-definitions
github	reverse_etl	orgs custom-properties-for-repos-create-or-update-organization-values
github	reverse_etl	orgs custom-properties-for-repos-delete-organization-definition
github	direct_read	orgs custom-properties-for-repos-get-organization-definition
github	direct_read	orgs custom-properties-for-repos-get-organization-definitions
github	direct_read	orgs custom-properties-for-repos-get-organization-values
github	reverse_etl	orgs delete-attestations-by-id
github	reverse_etl	orgs delete-attestations-by-subject-digest
github	reverse_etl	orgs delete-issue-field
github	reverse_etl	orgs delete-issue-type
github	reverse_etl	orgs delete-webhook
github	reverse_etl	orgs delete
github	reverse_etl	orgs disable-selected-repository-immutable-releases-organization
github	reverse_etl	orgs enable-or-disable-security-product-on-all-org-repos
github	reverse_etl	orgs enable-selected-repository-immutable-releases-organization
github	direct_read	orgs get
github	direct_read	orgs get-cluster-deployment-records-job
github	direct_read	orgs get-immutable-releases-settings
github	direct_read	orgs get-immutable-releases-settings-repositories
github	direct_read	orgs get-membership-for-authenticated-user
github	direct_read	orgs get-membership-for-user
github	direct_read	orgs get-org-role
github	direct_read	orgs get-org-ruleset-history
github	direct_read	orgs get-org-ruleset-version
github	direct_read	orgs get-webhook
github	direct_read	orgs get-webhook-config-for-org
github	direct_read	orgs get-webhook-delivery
github	direct_read	orgs list
github	direct_read	orgs list-app-installations
github	direct_read	orgs list-artifact-deployment-records
github	direct_read	orgs list-artifact-storage-records
github	direct_read	orgs list-attestation-repositories
github	direct_read	orgs list-attestations
github	direct_read	orgs list-attestations-bulk
github	direct_read	orgs list-blocked-users
github	direct_read	orgs list-failed-invitations
github	direct_read	orgs list-for-authenticated-user
github	direct_read	orgs list-for-user
github	direct_read	orgs list-invitation-teams
github	direct_read	orgs list-issue-fields
github	direct_read	orgs list-issue-types
github	direct_read	orgs list-members
github	direct_read	orgs list-memberships-for-authenticated-user
github	direct_read	orgs list-org-role-teams
github	direct_read	orgs list-org-role-users
github	direct_read	orgs list-org-roles
github	direct_read	orgs list-outside-collaborators
github	direct_read	orgs list-pat-grant-repositories
github	direct_read	orgs list-pat-grant-request-repositories
github	direct_read	orgs list-pat-grant-requests
github	direct_read	orgs list-pat-grants
github	direct_read	orgs list-pending-invitations
github	direct_read	orgs list-public-members
github	direct_read	orgs list-security-manager-teams
github	direct_read	orgs list-webhook-deliveries
github	direct_read	orgs list-webhooks
github	direct_read	orgs members check
github	reverse_etl	orgs ping-webhook
github	reverse_etl	orgs projects fields create-existing-issue-field
github	reverse_etl	orgs projects fields create-iteration
github	reverse_etl	orgs projects fields create-new-field
github	reverse_etl	orgs projects fields create-single-select
github	reverse_etl	orgs projects items create-by-id
github	reverse_etl	orgs projects items create-by-repo-number
github	direct_read	orgs public-members check
github	reverse_etl	orgs redeliver-webhook-delivery
github	reverse_etl	orgs remove-member
github	reverse_etl	orgs remove-membership-for-user
github	reverse_etl	orgs remove-outside-collaborator
github	reverse_etl	orgs remove-public-membership-for-authenticated-user
github	reverse_etl	orgs remove-security-manager-team
github	reverse_etl	orgs review-pat-grant-request
github	reverse_etl	orgs review-pat-grant-requests-in-bulk
github	reverse_etl	orgs revoke-all-org-roles-team
github	reverse_etl	orgs revoke-all-org-roles-user
github	reverse_etl	orgs revoke-org-role-team
github	reverse_etl	orgs revoke-org-role-user
github	reverse_etl	orgs set-cluster-deployment-records
github	reverse_etl	orgs set-immutable-releases-settings-repositories
github	reverse_etl	orgs set-immutable-releases-settings
github	reverse_etl	orgs set-membership-for-user
github	reverse_etl	orgs set-public-membership-for-authenticated-user
github	reverse_etl	orgs unblock-user
github	reverse_etl	orgs update-issue-field
github	reverse_etl	orgs update-issue-type
github	reverse_etl	orgs update-membership-for-authenticated-user
github	reverse_etl	orgs update-pat-accesses
github	reverse_etl	orgs update-pat-access
github	reverse_etl	orgs update-webhook-config-for-org
github	reverse_etl	orgs update-webhook
github	reverse_etl	orgs update
github	reverse_etl	packages delete-package-for-authenticated-user
github	reverse_etl	packages delete-package-for-org
github	reverse_etl	packages delete-package-for-user
github	reverse_etl	packages delete-package-version-for-authenticated-user
github	reverse_etl	packages delete-package-version-for-org
github	reverse_etl	packages delete-package-version-for-user
github	direct_read	packages get-all-package-versions-for-package-owned-by-authenticated-user
github	direct_read	packages get-all-package-versions-for-package-owned-by-org
github	direct_read	packages get-all-package-versions-for-package-owned-by-user
github	direct_read	packages get-package-for-authenticated-user
github	direct_read	packages get-package-for-organization
github	direct_read	packages get-package-for-user
github	direct_read	packages get-package-version-for-authenticated-user
github	direct_read	packages get-package-version-for-organization
github	direct_read	packages get-package-version-for-user
github	direct_read	packages list-docker-migration-conflicting-packages-for-authenticated-user
github	direct_read	packages list-docker-migration-conflicting-packages-for-organization
github	direct_read	packages list-docker-migration-conflicting-packages-for-user
github	direct_read	packages list-packages-for-authenticated-user
github	direct_read	packages list-packages-for-organization
github	direct_read	packages list-packages-for-user
github	reverse_etl	packages restore-package-for-authenticated-user
github	reverse_etl	packages restore-package-for-org
github	reverse_etl	packages restore-package-for-user
github	reverse_etl	packages restore-package-version-for-authenticated-user
github	reverse_etl	packages restore-package-version-for-org
github	reverse_etl	packages restore-package-version-for-user
github	reverse_etl	pages builds create
github	direct_read	pages builds view-2
github	direct_read	pages builds view
github	reverse_etl	pages cancel create
github	reverse_etl	pages create
github	reverse_etl	pages delete
github	reverse_etl	pages deployments create
github	direct_read	pages deployments view
github	direct_read	pages health view
github	direct_read	pages latest view
github	reverse_etl	pages set
github	direct_read	pages view
github	direct_read	pr checks
github	reverse_etl	pr close
github	reverse_etl	pr comment
github	reverse_etl	pr create
github	binary_download	pr diff
github	reverse_etl	pr edit
github	etl	pr list
github	reverse_etl	pr lock
github	reverse_etl	pr merge
github	direct_write	pr ready
github	reverse_etl	pr reopen
github	direct_write	pr revert
github	reverse_etl	pr review
github	etl	pr status
github	reverse_etl	pr unlock
github	reverse_etl	pr update-branch
github	direct_read	pr view
github	reverse_etl	private-registries create-org-private-registry
github	reverse_etl	private-registries delete-org-private-registry
github	direct_read	private-registries get-org-private-registry
github	direct_read	private-registries get-org-public-key
github	direct_read	private-registries list-org-private-registries
github	reverse_etl	private-registries update-org-private-registry
github	reverse_etl	private-vulnerability-reporting delete
github	reverse_etl	private-vulnerability-reporting set
github	direct_read	private-vulnerability-reporting view
github	direct_write	project create
github	etl	project item-list
github	etl	project list
github	direct_write	projects create-draft-item-for-authenticated-user
github	reverse_etl	projects create-draft-item-for-org
github	reverse_etl	projects create-view-for-org
github	reverse_etl	projects create-view-for-user
github	reverse_etl	projects delete-item-for-org
github	reverse_etl	projects delete-item-for-user
github	direct_read	projects get-field-for-org
github	direct_read	projects get-field-for-user
github	direct_read	projects get-for-org
github	direct_read	projects get-for-user
github	direct_read	projects get-org-item
github	direct_read	projects get-user-item
github	direct_read	projects list-fields-for-org
github	direct_read	projects list-fields-for-user
github	direct_read	projects list-for-org
github	direct_read	projects list-for-user
github	direct_read	projects list-items-for-org
github	direct_read	projects list-items-for-user
github	direct_read	projects list-view-items-for-org
github	direct_read	projects list-view-items-for-user
github	reverse_etl	projects update-item-for-org
github	reverse_etl	projects update-item-for-user
github	reverse_etl	properties values update
github	direct_read	properties values view
github	reverse_etl	pull-request-stacks add
github	reverse_etl	pull-request-stacks create
github	direct_read	pull-request-stacks get
github	direct_read	pull-request-stacks list
github	reverse_etl	pull-request-stacks unstack
github	reverse_etl	pulls codespaces create
github	direct_read	pulls comments view-2
github	direct_read	pulls comments view-3
github	direct_read	pulls comments view
github	direct_read	pulls commits view
github	direct_read	pulls files view
github	direct_read	pulls get-merge-async-result
github	direct_read	pulls merge view
github	reverse_etl	pulls merge-async
github	reverse_etl	pulls reactions create
github	reverse_etl	pulls reactions delete
github	direct_read	pulls reactions view
github	reverse_etl	pulls replies create
github	reverse_etl	pulls requested_reviewers delete
github	direct_read	pulls requested_reviewers view
github	reverse_etl	pulls reviews delete
github	reverse_etl	pulls reviews set
github	direct_read	pulls reviews view-2
github	direct_read	pulls reviews view
github	direct_read	pulls view
github	direct_read	rate-limit get
github	direct_read	readme view-2
github	direct_read	readme view
github	reverse_etl	release create
github	reverse_etl	release delete-asset
github	reverse_etl	release delete
github	binary_download	release download
github	reverse_etl	release edit
github	etl	release list
github	direct_read	release view
github	binary_upload	releases assets upload
github	direct_read	releases assets view-2
github	direct_read	releases assets view
github	reverse_etl	releases generate-notes view
github	direct_read	releases latest view
github	reverse_etl	releases reactions create
github	reverse_etl	releases reactions delete
github	direct_read	releases reactions view
github	direct_read	releases tags view
github	direct_read	releases view
github	binary_download	repo archive tarball
github	binary_download	repo archive zipball
github	reverse_etl	repo archive
github	reverse_etl	repo autolink create
github	reverse_etl	repo autolink delete
github	etl	repo autolink list
github	reverse_etl	repo create
github	reverse_etl	repo delete-2
github	reverse_etl	repo delete
github	reverse_etl	repo deploy-key add
github	reverse_etl	repo deploy-key delete
github	etl	repo deploy-key list
github	reverse_etl	repo fork
github	direct_read	repo gitignore list
github	direct_read	repo license list
github	direct_read	repo list
github	direct_read	repo read-dir
github	direct_read	repo read-file
github	reverse_etl	repo ruleset create
github	reverse_etl	repo ruleset delete
github	reverse_etl	repo ruleset update
github	binary_download	repo sbom fetch
github	binary_download	repo sbom generate
github	binary_download	repo sbom view
github	reverse_etl	repo secret-scanning custom-pattern update-end-delimiter
github	reverse_etl	repo secret-scanning custom-pattern update-must-match
github	reverse_etl	repo secret-scanning custom-pattern update-must-not-match
github	reverse_etl	repo secret-scanning custom-pattern update-pattern
github	reverse_etl	repo secret-scanning custom-pattern update-start-delimiter
github	reverse_etl	repo unarchive
github	reverse_etl	repo update
github	etl	repo view
github	reverse_etl	repos accept-invitation-for-authenticated-user
github	reverse_etl	repos create-for-authenticated-user
github	reverse_etl	repos create-in-org
github	reverse_etl	repos create-org-ruleset
github	reverse_etl	repos create-using-template
github	reverse_etl	repos decline-invitation-for-authenticated-user
github	reverse_etl	repos delete-org-ruleset
github	direct_read	repos get-org-rule-suite
github	direct_read	repos get-org-rule-suites
github	direct_read	repos get-org-ruleset
github	direct_read	repos get-org-rulesets
github	direct_read	repos list-for-authenticated-user
github	direct_read	repos list-for-org
github	direct_read	repos list-for-user
github	direct_read	repos list-invitations-for-authenticated-user
github	direct_read	repos list-public
github	reverse_etl	repos update-org-ruleset
github	direct_read	rules branches view
github	direct_read	ruleset check
github	etl	ruleset list
github	direct_read	ruleset view
github	direct_read	rulesets history view-2
github	direct_read	rulesets history view
github	direct_read	rulesets rule-suites view-2
github	direct_read	rulesets rule-suites view
github	direct_read	rulesets view
github	reverse_etl	run cancel
github	reverse_etl	run delete
github	binary_download	run download
github	etl	run list
github	binary_download	run logs view-2
github	binary_download	run logs view-3
github	binary_download	run logs view
github	reverse_etl	run rerun
github	direct_read	run view
github	direct_read	search code
github	direct_read	search commits
github	direct_read	search issues
github	direct_read	search labels
github	direct_read	search prs
github	direct_read	search repos
github	direct_read	search topics
github	direct_read	search users
github	reverse_etl	secret delete-2
github	reverse_etl	secret delete-3
github	reverse_etl	secret delete-4
github	reverse_etl	secret delete-5
github	reverse_etl	secret delete-6
github	reverse_etl	secret delete
github	direct_read	secret list
github	reverse_etl	secret set-2
github	reverse_etl	secret set-3
github	reverse_etl	secret set-4
github	reverse_etl	secret set-5
github	reverse_etl	secret set-6
github	reverse_etl	secret set
github	direct_read	secret-scanning alerts view
github	reverse_etl	secret-scanning bulk-create-org-custom-patterns
github	reverse_etl	secret-scanning bulk-create-repo-custom-patterns
github	reverse_etl	secret-scanning bulk-delete-org-custom-patterns
github	reverse_etl	secret-scanning bulk-delete-repo-custom-patterns
github	direct_read	secret-scanning list-alerts-for-org
github	direct_read	secret-scanning list-org-custom-patterns
github	direct_read	secret-scanning list-org-pattern-configs
github	direct_read	secret-scanning list-repo-custom-patterns
github	direct_read	secret-scanning locations view
github	reverse_etl	secret-scanning push-protection-bypasses create
github	direct_read	secret-scanning scan-history view
github	reverse_etl	secret-scanning update-org-pattern-configs
github	reverse_etl	security-advisories create
github	reverse_etl	security-advisories cve create
github	reverse_etl	security-advisories forks create
github	direct_read	security-advisories get-global-advisory
github	direct_read	security-advisories list-global-advisories
github	direct_read	security-advisories list-org-repository-advisories
github	reverse_etl	security-advisories reports create
github	reverse_etl	security-advisories update
github	direct_read	security-advisories view
github	direct_read	ssh-key list
github	direct_read	stats code_frequency view
github	direct_read	stats commit_activity view
github	direct_read	stats contributors view
github	direct_read	stats participation view
github	direct_read	stats punch_card view
github	reverse_etl	statuses create
github	direct_read	status
github	reverse_etl	subscription delete
github	reverse_etl	subscription set
github	direct_read	subscription view
github	reverse_etl	teams add-member-legacy
github	reverse_etl	teams add-or-update-membership-for-user-in-org
github	reverse_etl	teams add-or-update-membership-for-user-legacy
github	reverse_etl	teams add-or-update-repo-permissions-in-org
github	reverse_etl	teams add-or-update-repo-permissions-legacy
github	direct_read	teams check-permissions-for-repo-in-org
github	direct_read	teams check-permissions-for-repo-legacy
github	reverse_etl	teams create
github	reverse_etl	teams delete-in-org
github	reverse_etl	teams delete-legacy
github	direct_read	teams get-by-name
github	direct_read	teams get-legacy
github	direct_read	teams get-membership-for-user-in-org
github	direct_read	teams get-membership-for-user-legacy
github	direct_read	teams list
github	direct_read	teams list-child-in-org
github	direct_read	teams list-child-legacy
github	direct_read	teams list-for-authenticated-user
github	direct_read	teams list-members-in-org
github	direct_read	teams list-members-legacy
github	direct_read	teams list-pending-invitations-in-org
github	direct_read	teams list-pending-invitations-legacy
github	direct_read	teams list-repos-in-org
github	direct_read	teams list-repos-legacy
github	direct_read	teams members check
github	reverse_etl	teams remove-member-legacy
github	reverse_etl	teams remove-membership-for-user-in-org
github	reverse_etl	teams remove-membership-for-user-legacy
github	reverse_etl	teams remove-repo-in-org
github	reverse_etl	teams remove-repo-legacy
github	reverse_etl	teams update-in-org
github	reverse_etl	teams update-legacy
github	direct_read	teams view
github	direct_read	topics view
github	direct_read	traffic clones view
github	direct_read	traffic paths view
github	direct_read	traffic referrers view
github	direct_read	traffic views view
github	reverse_etl	transfer create
github	direct_read	user blocks check
github	reverse_etl	user emails add-array
github	reverse_etl	user emails add
github	reverse_etl	user emails delete-array
github	reverse_etl	user emails delete
github	direct_read	user following check
github	direct_read	user starred check
github	reverse_etl	users add-social-account-for-authenticated-user
github	reverse_etl	users attestations delete-by-attestation-ids
github	reverse_etl	users attestations delete-by-subject-digests
github	reverse_etl	users block
github	reverse_etl	users create-gpg-key-for-authenticated-user
github	reverse_etl	users create-public-ssh-key-for-authenticated-user
github	reverse_etl	users create-ssh-signing-key-for-authenticated-user
github	reverse_etl	users delete-attestations-by-id
github	reverse_etl	users delete-attestations-by-subject-digest
github	reverse_etl	users delete-gpg-key-for-authenticated-user
github	reverse_etl	users delete-public-ssh-key-for-authenticated-user
github	reverse_etl	users delete-social-account-for-authenticated-user
github	reverse_etl	users delete-ssh-signing-key-for-authenticated-user
github	direct_read	users following check
github	reverse_etl	users follow
github	direct_read	users get-authenticated
github	direct_read	users get-by-id
github	direct_read	users get-by-username
github	direct_read	users get-context-for-user
github	direct_read	users get-gpg-key-for-authenticated-user
github	direct_read	users get-public-ssh-key-for-authenticated-user
github	direct_read	users get-ssh-signing-key-for-authenticated-user
github	direct_read	users list
github	direct_read	users list-attestations
github	direct_read	users list-attestations-bulk
github	direct_read	users list-blocked-by-authenticated-user
github	direct_read	users list-emails-for-authenticated-user
github	direct_read	users list-followed-by-authenticated-user
github	direct_read	users list-followers-for-authenticated-user
github	direct_read	users list-followers-for-user
github	direct_read	users list-following-for-user
github	direct_read	users list-gpg-keys-for-authenticated-user
github	direct_read	users list-gpg-keys-for-user
github	direct_read	users list-public-emails-for-authenticated-user
github	direct_read	users list-public-keys-for-user
github	direct_read	users list-public-ssh-keys-for-authenticated-user
github	direct_read	users list-social-accounts-for-authenticated-user
github	direct_read	users list-social-accounts-for-user
github	direct_read	users list-ssh-signing-keys-for-authenticated-user
github	direct_read	users list-ssh-signing-keys-for-user
github	reverse_etl	users projects fields create-iteration
github	reverse_etl	users projects fields create-new-field
github	reverse_etl	users projects fields create-single-select
github	reverse_etl	users projects items create-by-id
github	reverse_etl	users projects items create-by-repo-number
github	reverse_etl	users set-primary-email-visibility-for-authenticated-user
github	reverse_etl	users unblock
github	reverse_etl	users unfollow
github	reverse_etl	users update-authenticated
github	reverse_etl	variable create-2
github	reverse_etl	variable create-3
github	reverse_etl	variable create
github	reverse_etl	variable delete-2
github	reverse_etl	variable delete-3
github	reverse_etl	variable delete-4
github	reverse_etl	variable delete
github	direct_read	variable get
github	direct_read	variable list
github	reverse_etl	variable update-2
github	reverse_etl	variable update-3
github	reverse_etl	variable update
github	reverse_etl	vulnerability-alerts delete
github	reverse_etl	vulnerability-alerts set
github	direct_read	vulnerability-alerts view
github	reverse_etl	webhook create-2
github	reverse_etl	webhook create-3
github	reverse_etl	webhook create
github	reverse_etl	webhook update
github	reverse_etl	workflow disable
github	reverse_etl	workflow enable
github	etl	workflow list
github	reverse_etl	workflow run
github	direct_read	workflow view
gitlab	etl	projects list
gitlab	etl	groups list
gitlab	etl	users list
gitlab	etl	issues list
gmail	etl	messages list
gmail	etl	threads list
gmail	etl	drafts list
gmail	etl	labels list
gmail	etl	history list
gmail	etl	filters list
gmail	etl	send-as list
gmail	etl	delegates list
gmail	etl	forwarding-addresses list
gmail	etl	profile list
gmail	direct_read	messages get
gmail	direct_read	threads get
gmail	direct_read	drafts get
gmail	direct_read	labels get
gmail	direct_read	settings filters get
gmail	direct_read	settings send-as get
gmail	direct_read	settings delegates get
gmail	direct_read	settings forwarding-addresses get
gmail	direct_read	settings auto-forwarding get
gmail	direct_read	settings vacation get
gmail	direct_read	settings language get
gmail	direct_read	settings imap get
gmail	direct_read	settings pop get
gmail	direct_read	settings send-as smime list
gmail	direct_read	settings send-as smime get
gmail	reverse_etl	messages send
gmail	reverse_etl	messages insert
gmail	reverse_etl	messages import
gmail	reverse_etl	messages modify
gmail	reverse_etl	messages trash
gmail	reverse_etl	messages untrash
gmail	reverse_etl	messages delete
gmail	reverse_etl	threads modify
gmail	reverse_etl	threads trash
gmail	reverse_etl	threads untrash
gmail	reverse_etl	threads delete
gmail	reverse_etl	drafts send
gmail	reverse_etl	drafts delete
gmail	reverse_etl	labels create
gmail	reverse_etl	labels update
gmail	reverse_etl	labels patch
gmail	reverse_etl	labels delete
gmail	reverse_etl	settings filters delete
gmail	reverse_etl	settings send-as create
gmail	reverse_etl	settings send-as update
gmail	reverse_etl	settings send-as patch
gmail	reverse_etl	settings send-as delete
gmail	reverse_etl	settings send-as verify
gmail	reverse_etl	settings delegates create
gmail	reverse_etl	settings delegates delete
gmail	reverse_etl	settings forwarding-addresses create
gmail	reverse_etl	settings forwarding-addresses delete
gmail	reverse_etl	settings auto-forwarding update
gmail	reverse_etl	settings vacation update
gmail	reverse_etl	settings language update
gmail	reverse_etl	settings imap update
gmail	reverse_etl	settings pop update
gmail	reverse_etl	settings send-as smime insert
gmail	reverse_etl	settings send-as smime delete
gmail	reverse_etl	settings send-as smime set-default
gmail	reverse_etl	watch start
gmail	reverse_etl	watch stop
gong	etl	users list
gong	etl	calls list
gong	etl	scorecards list
gong	etl	crm integrations list
gong	etl	workspaces list
gong	etl	settings trackers list
gong	etl	settings briefs list
gong	etl	library folders list
gong	etl	flows list
gong	etl	flows folders list
gong	etl	call-outcomes list
gong	etl	permissions profiles list
gong	direct_read	calls get
gong	direct_read	permissions profile get
gong	direct_read	crm entity-schema get
gong	direct_read	crm entities get
gong	direct_read	users get
gong	direct_read	users settings-history
gong	direct_read	permissions profile-users list
gong	direct_read	logs list
gong	direct_read	library folder-content list
gong	direct_read	flows bulk-assignment get
gong	direct_read	entities get-brief
gong	direct_read	entities ask
gong	direct_read	privacy find-phone
gong	direct_read	privacy find-email
gong	direct_read	crm request-status get
gong	direct_read	coaching list
gong	direct_read	calls extensive
gong	direct_read	calls users-access get
gong	direct_read	users extensive
gong	direct_read	tasks list
gong	direct_read	stats interaction
gong	direct_read	stats activity-scorecards
gong	direct_read	stats activity-day-by-day
gong	direct_read	stats activity-aggregate
gong	direct_read	stats activity-aggregate-by-period
gong	direct_read	meetings integration-status
gong	direct_read	flows steps
gong	direct_read	flows prospects
gong	direct_read	calls transcript
gong	reverse_etl	calls upload-media
gong	reverse_etl	crm upload-entities
gong	direct_read	targets list
gong	reverse_etl	targets upload-assignments
google-ads	direct_read	audience-insights list-insights-eligible-dates
google-ads	direct_read	customers asset-generations generate-images
google-ads	direct_read	customers asset-generations generate-text
google-ads	direct_read	customers generate-ad-group-themes
google-ads	direct_read	customers generate-audience-composition-insights
google-ads	direct_read	customers generate-audience-overlap-insights
google-ads	direct_read	customers generate-creator-insights
google-ads	direct_read	customers generate-insights-finder-report
google-ads	direct_read	customers generate-keyword-forecast-metrics
google-ads	direct_read	customers generate-keyword-historical-metrics
google-ads	direct_read	customers generate-keyword-ideas
google-ads	direct_read	customers generate-reach-forecast
google-ads	direct_read	customers generate-shareable-previews
google-ads	direct_read	customers generate-suggested-targeting-insights
google-ads	direct_read	customers generate-targeting-suggestion-metrics
google-ads	direct_read	customers generate-trending-insights
google-ads	direct_read	customers get-identity-verification
google-ads	direct_read	customers invoices list
google-ads	direct_read	customers payments-accounts list
google-ads	direct_read	customers recommendations generate
google-ads	direct_read	customers search-audience-insights-attributes
google-ads	direct_read	customers suggest-brands
google-ads	direct_read	customers suggest-keyword-themes
google-ads	direct_read	customers suggest-smart-campaign-ad
google-ads	direct_read	customers suggest-smart-campaign-budget-options
google-ads	direct_read	customers suggest-travel-assets
google-ads	direct_read	geo-target-constants suggest
google-ads	direct_read	keyword-theme-constants suggest
google-ads	direct_read	v22 generate-conversion-rates
google-ads	direct_read	v22 list-plannable-locations
google-ads	direct_read	v22 list-plannable-products
google-ads	direct_read	v22 list-plannable-user-interests
google-ads	direct_read	v22 list-plannable-user-lists
google-calendar	etl	calendar-list list
google-calendar	etl	calendar-list get
google-calendar	etl	calendars get
google-calendar	etl	colors get
google-calendar	etl	events list
google-calendar	etl	events get
google-calendar	etl	events instances
google-calendar	etl	settings list
google-calendar	etl	settings get
google-calendar	etl	acl list
google-calendar	etl	acl get
google-calendar	direct_read	freebusy query
google-calendar	reverse_etl	acl delete
google-calendar	reverse_etl	acl insert
google-calendar	reverse_etl	acl patch
google-calendar	reverse_etl	acl update
google-calendar	reverse_etl	acl watch
google-calendar	reverse_etl	calendar-list delete
google-calendar	reverse_etl	calendar-list insert
google-calendar	reverse_etl	calendar-list patch
google-calendar	reverse_etl	calendar-list update
google-calendar	reverse_etl	calendar-list watch
google-calendar	reverse_etl	calendars clear
google-calendar	reverse_etl	calendars delete
google-calendar	reverse_etl	calendars insert
google-calendar	reverse_etl	calendars patch
google-calendar	reverse_etl	calendars transfer-ownership
google-calendar	reverse_etl	calendars update
google-calendar	reverse_etl	channels stop
google-calendar	reverse_etl	events delete
google-calendar	reverse_etl	events import
google-calendar	reverse_etl	events insert
google-calendar	reverse_etl	events move
google-calendar	reverse_etl	events patch
google-calendar	reverse_etl	events quick-add
google-calendar	reverse_etl	events update
google-calendar	reverse_etl	events watch
google-calendar	reverse_etl	settings watch
google-search-console	etl	sites list
google-search-console	etl	sites get
google-search-console	etl	sitemaps list
google-search-console	etl	sitemaps get
google-search-console	etl	search-analytics by-date
google-search-console	etl	search-analytics by-country
google-search-console	etl	search-analytics by-device
google-search-console	etl	search-analytics by-page
google-search-console	etl	search-analytics by-query
google-search-console	reverse_etl	sites add
google-search-console	reverse_etl	sites delete
google-search-console	reverse_etl	sitemaps submit
google-search-console	reverse_etl	sitemaps delete
google-search-console	direct_read	direct url-inspection inspect
google-search-console	direct_read	direct mobile-friendly-test run
gorgias	etl	tickets list
gorgias	etl	customers list
gorgias	etl	messages list
gorgias	etl	satisfaction-surveys list
gorgias	direct_read	account get
gorgias	direct_read	account settings list
gorgias	direct_read	custom-fields list
gorgias	direct_read	custom-fields get
gorgias	direct_read	customers custom-fields list
gorgias	direct_read	customers get
gorgias	direct_read	events list
gorgias	direct_read	events get
gorgias	direct_read	integrations list
gorgias	direct_read	integrations get
gorgias	direct_read	jobs list
gorgias	direct_read	jobs get
gorgias	direct_read	macros list
gorgias	direct_read	macros get
gorgias	direct_read	metric-cards list
gorgias	direct_read	metric-cards get
gorgias	direct_read	voice-call-events list
gorgias	direct_read	voice-call-events get
gorgias	direct_read	voice-call-recordings list
gorgias	direct_read	voice-call-recordings get
gorgias	direct_read	voice-calls list
gorgias	direct_read	voice-calls get
gorgias	direct_read	rules list
gorgias	direct_read	rules get
gorgias	direct_read	satisfaction-surveys get
gorgias	direct_read	tags list
gorgias	direct_read	tags get
gorgias	direct_read	teams list
gorgias	direct_read	teams get
gorgias	direct_read	tickets get
gorgias	direct_read	tickets custom-fields list
gorgias	direct_read	tickets messages get
gorgias	direct_read	tickets tags list
gorgias	direct_read	users list
gorgias	direct_read	users get
gorgias	direct_read	views list
gorgias	direct_read	views get
gorgias	direct_read	views items list
gorgias	direct_read	widgets list
gorgias	direct_read	widgets get
gorgias	direct_read	search
gorgias	direct_read	stats get
gorgias	reverse_etl	account settings create
gorgias	reverse_etl	account settings update
gorgias	reverse_etl	custom-fields update
gorgias	reverse_etl	customers update
gorgias	reverse_etl	customers merge
gorgias	reverse_etl	customers delete
gorgias	reverse_etl	integrations create
gorgias	reverse_etl	integrations update
gorgias	reverse_etl	integrations delete
gorgias	reverse_etl	jobs update
gorgias	reverse_etl	jobs cancel
gorgias	reverse_etl	macros create
gorgias	reverse_etl	macros update
gorgias	reverse_etl	macros delete
gorgias	reverse_etl	metric-cards feedback create
gorgias	reverse_etl	voice-call-recordings delete
gorgias	reverse_etl	rules create
gorgias	reverse_etl	rules update
gorgias	reverse_etl	rules delete
gorgias	reverse_etl	satisfaction-surveys create
gorgias	reverse_etl	satisfaction-surveys update
gorgias	reverse_etl	tags create
gorgias	reverse_etl	tags update
gorgias	reverse_etl	tags delete
gorgias	reverse_etl	teams create
gorgias	reverse_etl	teams update
gorgias	reverse_etl	teams delete
gorgias	reverse_etl	tickets update
gorgias	reverse_etl	tickets delete
gorgias	reverse_etl	tickets custom-fields delete
gorgias	reverse_etl	tickets messages create
gorgias	reverse_etl	tickets messages update
gorgias	reverse_etl	tickets messages delete
gorgias	reverse_etl	tickets tags create
gorgias	reverse_etl	tickets tags update
gorgias	reverse_etl	tickets tags delete
gorgias	reverse_etl	users create
gorgias	reverse_etl	users update
gorgias	reverse_etl	users delete
gorgias	reverse_etl	views create
gorgias	reverse_etl	views update
gorgias	reverse_etl	views delete
gorgias	reverse_etl	widgets update
gorgias	reverse_etl	widgets delete
gorgias	reverse_etl	customers custom-fields delete
gorgias	reverse_etl	files upload
greenhouse	etl	candidates list
greenhouse	etl	applications list
greenhouse	etl	jobs list
greenhouse	etl	offers list
greenhouse	etl	users list
greenhouse	etl	activity-feed list
greenhouse	etl	application list
greenhouse	etl	approvals-for-job list
greenhouse	etl	approval-flow list
greenhouse	etl	pending-approvals-for-user list
greenhouse	etl	candidate list
greenhouse	etl	close-reasons list
greenhouse	etl	custom-fields list
greenhouse	etl	custom-field list
greenhouse	etl	custom-field-options list
greenhouse	etl	demographic-question-sets list
greenhouse	etl	demographic-question-set list
greenhouse	etl	demographic-questions list
greenhouse	etl	demographic-questions-for-demographic-question-set list
greenhouse	etl	demographic-question list
greenhouse	etl	demographic-answer-options list
greenhouse	etl	demographic-answer-options-for-demographic-question list
greenhouse	etl	demographic-answer-option list
greenhouse	etl	demographic-answers list
greenhouse	etl	demographic-answers-for-application list
greenhouse	etl	demographic-answer list
greenhouse	etl	departments list
greenhouse	etl	department list
greenhouse	etl	degrees list
greenhouse	etl	disciplines list
greenhouse	etl	schools list
greenhouse	etl	eeoc list
greenhouse	etl	eeoc-data-for-application list
greenhouse	etl	email-templates list
greenhouse	etl	email-template list
greenhouse	etl	job-openings list
greenhouse	etl	opening-for-job list
greenhouse	etl	job-posts list
greenhouse	etl	job-post list
greenhouse	etl	job-posts-for-job list
greenhouse	etl	job-post-for-job list
greenhouse	etl	custom-locations-for-job-post list
greenhouse	etl	job-stages list
greenhouse	etl	job-stages-for-job list
greenhouse	etl	job-stage list
greenhouse	etl	job list
greenhouse	etl	hiring-team list
greenhouse	etl	offers-for-application list
greenhouse	etl	current-offer-for-application list
greenhouse	etl	offer list
greenhouse	etl	offices list
greenhouse	etl	office list
greenhouse	etl	prospect-pools list
greenhouse	etl	prospect-pool list
greenhouse	etl	rejection-reasons list
greenhouse	etl	scheduled-interviews list
greenhouse	etl	scheduled-interviews-for-application list
greenhouse	etl	scheduled-interview list
greenhouse	etl	scorecards list
greenhouse	etl	scorecards-for-application list
greenhouse	etl	scorecard list
greenhouse	etl	sources list
greenhouse	etl	candidate-tags list
greenhouse	etl	tags-applied-to-candidate list
greenhouse	etl	tracking-link-data-for-token list
greenhouse	etl	user list
greenhouse	etl	job-permissions list
greenhouse	etl	future-job-permissions list
greenhouse	etl	user-roles list
greenhouse	reverse_etl	delete-application plan
greenhouse	reverse_etl	add-application-to-candidate-prospect plan
greenhouse	reverse_etl	update-application plan
greenhouse	reverse_etl	advance-application plan
greenhouse	reverse_etl	move-application-different-job plan
greenhouse	reverse_etl	move-application-same-job plan
greenhouse	reverse_etl	convert-prospect-to-candidate plan
greenhouse	reverse_etl	add-attachment-to-application plan
greenhouse	reverse_etl	hire-application plan
greenhouse	reverse_etl	reject-application plan
greenhouse	reverse_etl	update-rejection-reason plan
greenhouse	reverse_etl	unreject-application plan
greenhouse	reverse_etl	request-approvals plan
greenhouse	reverse_etl	replace-an-approver-in-an-approver-group plan
greenhouse	reverse_etl	create-or-replace-an-approval-flow plan
greenhouse	reverse_etl	delete-candidate plan
greenhouse	reverse_etl	edit-candidate plan
greenhouse	reverse_etl	add-attachment plan
greenhouse	reverse_etl	add-candidate plan
greenhouse	reverse_etl	add-note plan
greenhouse	reverse_etl	add-e-mail-note plan
greenhouse	reverse_etl	add-education plan
greenhouse	reverse_etl	remove-education-from-candidate plan
greenhouse	reverse_etl	add-employment plan
greenhouse	reverse_etl	remove-employment-from-candidate plan
greenhouse	reverse_etl	add-prospect plan
greenhouse	reverse_etl	anonymize-candidate plan
greenhouse	reverse_etl	merge-candidates plan
greenhouse	reverse_etl	create-custom-field plan
greenhouse	reverse_etl	update-custom-field plan
greenhouse	reverse_etl	delete-custom-field plan
greenhouse	reverse_etl	create-custom-field-options plan
greenhouse	reverse_etl	update-custom-field-options plan
greenhouse	reverse_etl	remove-custom-field-options plan
greenhouse	reverse_etl	edit-department plan
greenhouse	reverse_etl	add-department plan
greenhouse	reverse_etl	edit-openings plan
greenhouse	reverse_etl	create-new-openings plan
greenhouse	reverse_etl	update-job plan
greenhouse	reverse_etl	create-job plan
greenhouse	reverse_etl	replace-hiring-team plan
greenhouse	reverse_etl	add-hiring-team-members plan
greenhouse	reverse_etl	remove-hiring-team-member plan
greenhouse	reverse_etl	update-current-offer plan
greenhouse	reverse_etl	edit-office plan
greenhouse	reverse_etl	add-office plan
greenhouse	reverse_etl	remove-scheduled-interview plan
greenhouse	reverse_etl	add-candidate-tag plan
greenhouse	reverse_etl	remove-tag-from-candidate plan
greenhouse	reverse_etl	destroy-candidate-tag plan
greenhouse	reverse_etl	add-a-candidate-tag plan
greenhouse	reverse_etl	change-user-permission-level plan
greenhouse	reverse_etl	add-user plan
greenhouse	reverse_etl	add-e-mail-address-to-user plan
greenhouse	reverse_etl	remove-a-job-permission plan
greenhouse	reverse_etl	add-a-job-permission plan
greenhouse	reverse_etl	remove-a-future-job-permission plan
greenhouse	reverse_etl	add-a-future-job-permission plan
help-scout	etl	conversations list
help-scout	etl	conversations-threads list
help-scout	etl	customer-properties list
help-scout	etl	customers list
help-scout	etl	customers-chats list
help-scout	etl	customers-emails list
help-scout	etl	customers-phones list
help-scout	etl	customers-social-profiles list
help-scout	etl	customers-websites list
help-scout	etl	mailboxes list
help-scout	etl	mailboxes-fields list
help-scout	etl	mailboxes-folders list
help-scout	etl	mailboxes-saved-replies list
help-scout	etl	organizations list
help-scout	etl	organizations-properties list
help-scout	etl	organizations-conversations list
help-scout	etl	organizations-customers list
help-scout	etl	tags list
help-scout	etl	teams list
help-scout	etl	teams-members list
help-scout	etl	users list
help-scout	etl	users-status list
help-scout	etl	webhooks list
help-scout	etl	workflows list
help-scout	direct_read	direct get-conversation
help-scout	direct_read	direct get-attachment-data
help-scout	direct_read	direct get-thread-original-source
help-scout	direct_read	direct get-customer
help-scout	direct_read	direct get-address
help-scout	direct_read	direct get-inbox
help-scout	direct_read	direct get-routing-configuration
help-scout	direct_read	direct get-saved-reply
help-scout	direct_read	direct get-organization-property-definition
help-scout	direct_read	direct get-organization-by-id
help-scout	direct_read	direct get-satisfaction-rating
help-scout	direct_read	direct chat-report
help-scout	direct_read	direct company-overall-report
help-scout	direct_read	direct company-customers-helped
help-scout	direct_read	direct company-drilldown
help-scout	direct_read	direct conversations-overall-report
help-scout	direct_read	direct conversations-busiest-time-of-day
help-scout	direct_read	direct conversations-drilldown
help-scout	direct_read	direct conversations-drilldown-by-field
help-scout	direct_read	direct conversations-new-conversations
help-scout	direct_read	direct conversations-new-conversations-drilldown
help-scout	direct_read	direct conversations-received-messages-statistics
help-scout	direct_read	direct all-channels-volumes-by-channel
help-scout	direct_read	direct docs-overall-report
help-scout	direct_read	direct email-report
help-scout	direct_read	direct happiness-overall-report
help-scout	direct_read	direct happiness-ratings-report
help-scout	direct_read	direct phone-report
help-scout	direct_read	direct productivity-overall-report
help-scout	direct_read	direct productivity-first-response-time
help-scout	direct_read	direct productivity-replies-sent
help-scout	direct_read	direct productivity-resolution-time
help-scout	direct_read	direct productivity-resolved
help-scout	direct_read	direct productivity-response-time
help-scout	direct_read	direct user-team-overall-report
help-scout	direct_read	direct user-team-chat-report
help-scout	direct_read	direct user-conversation-history
help-scout	direct_read	direct user-customers-helped
help-scout	direct_read	direct user-drill-down
help-scout	direct_read	direct user-happiness
help-scout	direct_read	direct user-happiness-drilldown
help-scout	direct_read	direct user-replies
help-scout	direct_read	direct user-resolutions
help-scout	direct_read	direct get-tag-by-id
help-scout	direct_read	direct get-resource-owner
help-scout	direct_read	direct get-user
help-scout	direct_read	direct get-conversation-reassignment-configuration
help-scout	direct_read	direct get-user-status
help-scout	direct_read	direct get-webhook
help-scout	direct_read	direct get-conversation-v3
help-scout	direct_read	direct list-conversation-threads-v3
help-scout	direct_read	direct list-customers-v3
help-scout	direct_read	direct list-system-users-v3
help-scout	direct_read	direct get-system-user-v3
help-scout	binary_download	attachments download
help-scout	reverse_etl	create-conversation plan
help-scout	reverse_etl	delete-conversation plan
help-scout	reverse_etl	update-conversation plan
help-scout	reverse_etl	delete-attachment plan
help-scout	reverse_etl	create-chat-thread plan
help-scout	reverse_etl	create-customer-thread plan
help-scout	reverse_etl	update-custom-fields plan
help-scout	reverse_etl	create-note plan
help-scout	reverse_etl	create-phone-thread plan
help-scout	reverse_etl	create-reply-thread plan
help-scout	reverse_etl	delete-snooze plan
help-scout	reverse_etl	update-snooze plan
help-scout	reverse_etl	update-tags plan
help-scout	reverse_etl	update-thread plan
help-scout	reverse_etl	upload-attachment plan
help-scout	reverse_etl	delete-thread-schedule plan
help-scout	reverse_etl	publish-thread-schedule plan
help-scout	reverse_etl	update-thread-schedule plan
help-scout	reverse_etl	create-customer-property-definition plan
help-scout	reverse_etl	delete-customer-property-definition plan
help-scout	reverse_etl	create-customer plan
help-scout	reverse_etl	delete-customer plan
help-scout	reverse_etl	update-customer plan
help-scout	reverse_etl	overwrite-customer plan
help-scout	reverse_etl	delete-address plan
help-scout	reverse_etl	create-address plan
help-scout	reverse_etl	update-address plan
help-scout	reverse_etl	create-chat-handle plan
help-scout	reverse_etl	delete-chat-handle plan
help-scout	reverse_etl	update-chat-handles plan
help-scout	reverse_etl	create-email plan
help-scout	reverse_etl	delete-email plan
help-scout	reverse_etl	update-email plan
help-scout	reverse_etl	create-phone plan
help-scout	reverse_etl	delete-phone plan
help-scout	reverse_etl	update-phone plan
help-scout	reverse_etl	update-customer-properties plan
help-scout	reverse_etl	create-social-profile plan
help-scout	reverse_etl	delete-social-profile plan
help-scout	reverse_etl	update-social-profile plan
help-scout	reverse_etl	create-website plan
help-scout	reverse_etl	delete-website plan
help-scout	reverse_etl	update-website plan
help-scout	reverse_etl	update-routing-configuration plan
help-scout	reverse_etl	create-saved-reply plan
help-scout	reverse_etl	delete-saved-reply plan
help-scout	reverse_etl	update-saved-reply plan
help-scout	reverse_etl	create-organization plan
help-scout	reverse_etl	create-organization-property-definition plan
help-scout	reverse_etl	delete-organization-property-definition plan
help-scout	reverse_etl	update-organization-property-definition plan
help-scout	reverse_etl	delete-organization-by-id plan
help-scout	reverse_etl	update-organization plan
help-scout	reverse_etl	remove-organization-property-value plan
help-scout	reverse_etl	set-organization-property-value plan
help-scout	reverse_etl	update-team-members plan
help-scout	reverse_etl	create-user plan
help-scout	reverse_etl	delete-user plan
help-scout	reverse_etl	update-conversation-reassignment-configuration plan
help-scout	reverse_etl	set-user-status plan
help-scout	reverse_etl	create-webhook plan
help-scout	reverse_etl	delete-webhook plan
help-scout	reverse_etl	update-webhook plan
help-scout	reverse_etl	update-workflow-status plan
help-scout	reverse_etl	run-manual-workflows plan
hubplanner	etl	resources list
hubplanner	etl	projects list
hubplanner	etl	clients list
hubplanner	etl	events list
hubplanner	etl	holidays list
hubplanner	etl	bookings list
hubplanner	etl	billing-rates list
hubplanner	etl	booking-categories list
hubplanner	etl	resource-custom-field-templates list
hubplanner	etl	project-custom-field-templates list
hubplanner	etl	project-groups list
hubplanner	etl	resource-groups list
hubplanner	etl	cost-categories list
hubplanner	etl	project-managers list
hubplanner	etl	project-tags list
hubplanner	etl	resource-tags list
hubplanner	etl	time-entries list
hubplanner	etl	unassigned-work list
hubplanner	etl	vacations list
hubplanner	etl	webhook-subscriptions list
hubplanner	direct_read	billing-rates get
hubplanner	direct_read	booking-categories get
hubplanner	direct_read	bookings get
hubplanner	direct_read	clients get
hubplanner	direct_read	events get
hubplanner	direct_read	project-groups get
hubplanner	direct_read	holidays get
hubplanner	direct_read	milestones get
hubplanner	direct_read	cost-categories get
hubplanner	direct_read	projects get
hubplanner	direct_read	resources get
hubplanner	direct_read	time-entries get
hubplanner	direct_read	unassigned-work get
hubplanner	direct_read	vacations get
hubplanner	direct_read	resource-custom-fields search
hubplanner	direct_read	project-custom-fields search
hubplanner	reverse_etl	billing-rates create
hubplanner	reverse_etl	billing-rates update
hubplanner	reverse_etl	billing-rates delete
hubplanner	reverse_etl	booking-categories create
hubplanner	reverse_etl	booking-categories update
hubplanner	reverse_etl	bookings create
hubplanner	reverse_etl	bookings update
hubplanner	reverse_etl	bookings patch
hubplanner	reverse_etl	bookings delete
hubplanner	reverse_etl	bookings delete-many
hubplanner	reverse_etl	clients create
hubplanner	reverse_etl	clients update
hubplanner	reverse_etl	clients delete
hubplanner	reverse_etl	resource-custom-field-templates create
hubplanner	reverse_etl	resource-custom-field-templates update
hubplanner	reverse_etl	resource-custom-field-templates delete
hubplanner	reverse_etl	project-custom-field-templates create
hubplanner	reverse_etl	project-custom-field-templates update
hubplanner	reverse_etl	project-custom-field-templates delete
hubplanner	reverse_etl	events create
hubplanner	reverse_etl	events update
hubplanner	reverse_etl	events delete
hubplanner	reverse_etl	project-groups create
hubplanner	reverse_etl	project-groups update
hubplanner	reverse_etl	project-groups delete
hubplanner	reverse_etl	holidays create
hubplanner	reverse_etl	holidays update
hubplanner	reverse_etl	holidays delete
hubplanner	reverse_etl	milestones create
hubplanner	reverse_etl	milestones update
hubplanner	reverse_etl	milestones delete
hubplanner	reverse_etl	cost-categories create
hubplanner	reverse_etl	cost-categories update
hubplanner	reverse_etl	cost-categories delete
hubplanner	reverse_etl	project-tags create
hubplanner	reverse_etl	project-tags update
hubplanner	reverse_etl	project-tags delete
hubplanner	reverse_etl	resource-tags create
hubplanner	reverse_etl	resource-tags update
hubplanner	reverse_etl	resource-tags delete
hubplanner	reverse_etl	projects create
hubplanner	reverse_etl	projects patch
hubplanner	reverse_etl	projects delete
hubplanner	reverse_etl	projects delete-many
hubplanner	reverse_etl	resources create
hubplanner	reverse_etl	resources patch
hubplanner	reverse_etl	resources delete
hubplanner	reverse_etl	resources delete-many
hubplanner	reverse_etl	time-entries create
hubplanner	reverse_etl	time-entries update
hubplanner	reverse_etl	time-entries delete
hubplanner	reverse_etl	time-entries delete-many
hubplanner	reverse_etl	unassigned-work create
hubplanner	reverse_etl	unassigned-work update
hubplanner	reverse_etl	unassigned-work delete
hubplanner	reverse_etl	vacations create
hubplanner	reverse_etl	vacations update
hubplanner	reverse_etl	vacations patch
hubplanner	reverse_etl	vacations delete
hubplanner	reverse_etl	webhook-subscriptions create
hubplanner	reverse_etl	webhook-subscriptions delete
jira	direct_read	announcement-banner get-banner
jira	reverse_etl	announcement-banner set-banner
jira	direct_read	app get-custom-fields-configurations
jira	reverse_etl	app update-multiple-custom-field-values
jira	direct_read	app get-custom-field-configuration
jira	reverse_etl	app update-custom-field-configuration
jira	reverse_etl	app update-custom-field-value
jira	direct_read	application-properties get-application-property
jira	direct_read	application-properties get-advanced-settings
jira	reverse_etl	application-properties set-application-property
jira	direct_read	applicationrole get-all-application-roles
jira	direct_read	applicationrole get-application-role
jira	direct_read	attachment get-attachment-content
jira	direct_read	attachment get-attachment-meta
jira	direct_read	attachment get-attachment-thumbnail
jira	reverse_etl	attachment remove-attachment
jira	direct_read	attachment get-attachment
jira	direct_read	attachment expand-attachment-for-humans
jira	direct_read	attachment expand-attachment-for-machines
jira	direct_read	auditing get-audit-records
jira	direct_read	avatar get-all-system-avatars
jira	reverse_etl	bulk submit-bulk-delete
jira	direct_read	bulk get-bulk-editable-fields
jira	reverse_etl	bulk submit-bulk-move
jira	direct_read	bulk get-available-transitions
jira	reverse_etl	bulk submit-bulk-transition
jira	reverse_etl	bulk submit-bulk-unwatch
jira	reverse_etl	bulk submit-bulk-watch
jira	direct_read	bulk get-bulk-operation-progress
jira	direct_read	changelog get-bulk-changelogs
jira	direct_read	classification-levels get-all-user-data-classification-levels
jira	direct_read	comment get-comments-by-ids
jira	direct_read	comment get-comment-property-keys
jira	reverse_etl	comment delete-comment-property
jira	direct_read	comment get-comment-property
jira	direct_read	component find-components-for-projects
jira	reverse_etl	component create-component
jira	reverse_etl	component delete-component
jira	direct_read	component get-component
jira	reverse_etl	component update-component
jira	direct_read	component get-component-related-issues
jira	direct_read	config get-field-association-schemes
jira	reverse_etl	config create-field-association-scheme
jira	direct_read	config get-projects-with-field-schemes
jira	reverse_etl	config delete-field-association-scheme
jira	direct_read	config get-field-association-scheme-by-id
jira	reverse_etl	config update-field-association-scheme
jira	reverse_etl	config clone-field-association-scheme
jira	direct_read	config search-field-association-scheme-fields
jira	direct_read	config get-field-association-scheme-item-parameters
jira	direct_read	config search-field-association-scheme-projects
jira	direct_read	configuration get-configuration
jira	direct_read	configuration get-selected-time-tracking-implementation
jira	reverse_etl	configuration select-time-tracking-implementation
jira	direct_read	configuration get-available-time-tracking-implementations
jira	direct_read	configuration get-shared-time-tracking-configuration
jira	reverse_etl	configuration set-shared-time-tracking-configuration
jira	direct_read	custom-field-option get-custom-field-option
jira	direct_read	dashboard get-all-dashboards
jira	reverse_etl	dashboard create-dashboard
jira	reverse_etl	dashboard bulk-edit-dashboards
jira	direct_read	dashboard get-all-available-dashboard-gadgets
jira	direct_read	dashboard get-dashboards-paginated
jira	direct_read	dashboard get-all-gadgets
jira	reverse_etl	dashboard add-gadget
jira	reverse_etl	dashboard remove-gadget
jira	reverse_etl	dashboard update-gadget
jira	direct_read	dashboard get-dashboard-item-property-keys
jira	reverse_etl	dashboard delete-dashboard-item-property
jira	direct_read	dashboard get-dashboard-item-property
jira	reverse_etl	dashboard delete-dashboard
jira	direct_read	dashboard get-dashboard
jira	reverse_etl	dashboard update-dashboard
jira	reverse_etl	dashboard copy-dashboard
jira	direct_read	data-policy get-policy
jira	direct_read	data-policy get-policies
jira	direct_read	events get-events
jira	direct_read	expression analyse-expression
jira	direct_read	expression evaluate-jira-expression
jira	direct_read	expression evaluate-jsisjira-expression
jira	direct_read	field get-fields
jira	reverse_etl	field create-custom-field
jira	reverse_etl	field remove-associations
jira	reverse_etl	field create-associations
jira	direct_read	field get-fields-paginated
jira	direct_read	field get-trashed-fields-paginated
jira	reverse_etl	field update-custom-field
jira	direct_read	field get-field-project-associations
jira	direct_read	field get-contexts-for-field
jira	reverse_etl	field create-custom-field-context
jira	direct_read	field get-default-values
jira	reverse_etl	field set-default-values
jira	direct_read	field get-context-default-values
jira	direct_read	field get-issue-type-mappings-for-contexts
jira	reverse_etl	field get-custom-field-contexts-for-projects-and-issue-types
jira	direct_read	field get-project-context-mapping
jira	reverse_etl	field delete-custom-field-context
jira	reverse_etl	field update-custom-field-context
jira	reverse_etl	field add-issue-types-to-context
jira	reverse_etl	field remove-issue-types-from-context
jira	direct_read	field get-options-for-context
jira	reverse_etl	field create-custom-field-option
jira	reverse_etl	field update-custom-field-option
jira	reverse_etl	field reorder-custom-field-options
jira	reverse_etl	field delete-custom-field-option
jira	reverse_etl	field replace-custom-field-option
jira	reverse_etl	field assign-projects-to-custom-field-context
jira	reverse_etl	field remove-custom-field-context-from-projects
jira	direct_read	field get-contexts-for-field-deprecated
jira	direct_read	field get-screens-for-field
jira	direct_read	field get-all-issue-field-options
jira	reverse_etl	field create-issue-field-option
jira	direct_read	field get-selectable-issue-field-options
jira	direct_read	field get-visible-issue-field-options
jira	reverse_etl	field delete-issue-field-option
jira	direct_read	field get-issue-field-option
jira	reverse_etl	field update-issue-field-option
jira	reverse_etl	field replace-issue-field-option
jira	reverse_etl	field delete-custom-field
jira	reverse_etl	field restore-custom-field
jira	reverse_etl	field trash-custom-field
jira	direct_read	fieldconfiguration get-all-field-configurations
jira	reverse_etl	fieldconfiguration create-field-configuration
jira	reverse_etl	fieldconfiguration delete-field-configuration
jira	reverse_etl	fieldconfiguration update-field-configuration
jira	direct_read	fieldconfiguration get-field-configuration-items
jira	reverse_etl	fieldconfiguration update-field-configuration-items
jira	direct_read	fieldconfigurationscheme get-all-field-configuration-schemes
jira	reverse_etl	fieldconfigurationscheme create-field-configuration-scheme
jira	direct_read	fieldconfigurationscheme get-field-configuration-scheme-mappings
jira	direct_read	fieldconfigurationscheme get-field-configuration-scheme-project-mapping
jira	reverse_etl	fieldconfigurationscheme assign-field-configuration-scheme-to-project
jira	reverse_etl	fieldconfigurationscheme delete-field-configuration-scheme
jira	reverse_etl	fieldconfigurationscheme update-field-configuration-scheme
jira	reverse_etl	fieldconfigurationscheme set-field-configuration-scheme-mapping
jira	reverse_etl	fieldconfigurationscheme remove-issue-types-from-global-field-configuration-scheme
jira	reverse_etl	filter create-filter
jira	direct_read	filter get-default-share-scope
jira	reverse_etl	filter set-default-share-scope
jira	direct_read	filter get-favourite-filters
jira	direct_read	filter get-my-filters
jira	direct_read	filter get-filters-paginated
jira	reverse_etl	filter delete-filter
jira	direct_read	filter get-filter
jira	reverse_etl	filter update-filter
jira	reverse_etl	filter reset-columns
jira	direct_read	filter get-columns
jira	reverse_etl	filter set-columns
jira	reverse_etl	filter delete-favourite-for-filter
jira	reverse_etl	filter set-favourite-for-filter
jira	reverse_etl	filter change-filter-owner
jira	direct_read	filter get-share-permissions
jira	reverse_etl	filter add-share-permission
jira	reverse_etl	filter delete-share-permission
jira	direct_read	filter get-share-permission
jira	reverse_etl	forge bulk-pin-unpin-projects-async
jira	direct_read	group get-group
jira	reverse_etl	group create-group
jira	direct_read	group bulk-get-groups
jira	direct_read	group get-users-from-group
jira	reverse_etl	group remove-user-from-group
jira	reverse_etl	group add-user-to-group
jira	direct_read	groups find-groups
jira	direct_read	groupuserpicker find-users-and-groups
jira	direct_read	instance get-license
jira	reverse_etl	issue create-issue
jira	reverse_etl	issue archive-issues-async
jira	reverse_etl	issue archive-issues
jira	reverse_etl	issue create-issues
jira	direct_read	issue bulk-fetch-issues
jira	direct_read	issue get-create-issue-meta
jira	direct_read	issue get-create-issue-meta-issue-types
jira	direct_read	issue get-create-issue-meta-issue-type-id
jira	direct_read	issue get-issue-adf-limit-report
jira	direct_read	issue get-issue-limit-report
jira	direct_read	issue get-issue-picker-resource
jira	reverse_etl	issue bulk-set-issues-properties-list
jira	reverse_etl	issue bulk-set-issue-properties-by-issue
jira	reverse_etl	issue bulk-delete-issue-property
jira	reverse_etl	issue bulk-set-issue-property
jira	reverse_etl	issue unarchive-issues
jira	reverse_etl	issue get-is-watching-issue-bulk
jira	reverse_etl	issue delete-issue
jira	direct_read	issue get-issue
jira	reverse_etl	issue edit-issue
jira	reverse_etl	issue assign-issue
jira	direct_read	issue get-change-logs
jira	direct_read	issue get-change-logs-by-ids
jira	direct_read	issue get-comments
jira	reverse_etl	issue add-comment
jira	reverse_etl	issue delete-comment
jira	direct_read	issue get-comment
jira	reverse_etl	issue update-comment
jira	direct_read	issue get-edit-issue-meta
jira	reverse_etl	issue notify
jira	direct_read	issue get-issue-property-keys
jira	reverse_etl	issue delete-issue-property
jira	direct_read	issue get-issue-property
jira	reverse_etl	issue delete-remote-issue-link-by-global-id
jira	direct_read	issue get-remote-issue-links
jira	reverse_etl	issue create-or-update-remote-issue-link
jira	reverse_etl	issue delete-remote-issue-link-by-id
jira	direct_read	issue get-remote-issue-link-by-id
jira	reverse_etl	issue update-remote-issue-link
jira	direct_read	issue get-transitions
jira	reverse_etl	issue do-transition
jira	reverse_etl	issue remove-vote
jira	direct_read	issue get-votes
jira	reverse_etl	issue add-vote
jira	reverse_etl	issue remove-watcher
jira	direct_read	issue get-issue-watchers
jira	reverse_etl	issue bulk-delete-worklogs
jira	direct_read	issue get-issue-worklog
jira	reverse_etl	issue add-worklog
jira	reverse_etl	issue bulk-move-worklogs
jira	reverse_etl	issue delete-worklog
jira	direct_read	issue get-worklog
jira	reverse_etl	issue update-worklog
jira	direct_read	issue get-worklog-property-keys
jira	reverse_etl	issue delete-worklog-property
jira	direct_read	issue get-worklog-property
jira	reverse_etl	issue-link delete-issue-link
jira	direct_read	issue-link get-issue-link
jira	direct_read	issue-link-type get-issue-link-types
jira	reverse_etl	issue-link-type create-issue-link-type
jira	reverse_etl	issue-link-type delete-issue-link-type
jira	direct_read	issue-link-type get-issue-link-type
jira	reverse_etl	issue-link-type update-issue-link-type
jira	reverse_etl	issues export-archived-issues
jira	direct_read	issuesecurityschemes get-issue-security-schemes
jira	reverse_etl	issuesecurityschemes create-issue-security-scheme
jira	direct_read	issuesecurityschemes get-security-levels
jira	reverse_etl	issuesecurityschemes set-default-levels
jira	direct_read	issuesecurityschemes get-security-level-members
jira	direct_read	issuesecurityschemes search-projects-using-security-schemes
jira	reverse_etl	issuesecurityschemes associate-schemes-to-projects
jira	direct_read	issuesecurityschemes search-security-schemes
jira	direct_read	issuesecurityschemes get-issue-security-scheme
jira	reverse_etl	issuesecurityschemes update-issue-security-scheme
jira	direct_read	issuesecurityschemes get-issue-security-level-members
jira	reverse_etl	issuesecurityschemes delete-security-scheme
jira	reverse_etl	issuesecurityschemes add-security-level
jira	reverse_etl	issuesecurityschemes remove-level
jira	reverse_etl	issuesecurityschemes update-security-level
jira	reverse_etl	issuesecurityschemes add-security-level-members
jira	reverse_etl	issuesecurityschemes remove-member-from-security-level
jira	direct_read	issuetype get-issue-all-types
jira	reverse_etl	issuetype create-issue-type
jira	direct_read	issuetype get-issue-types-for-project
jira	reverse_etl	issuetype delete-issue-type
jira	direct_read	issuetype get-issue-type
jira	reverse_etl	issuetype update-issue-type
jira	direct_read	issuetype get-alternative-issue-types
jira	direct_read	issuetype get-issue-type-property-keys
jira	reverse_etl	issuetype delete-issue-type-property
jira	direct_read	issuetype get-issue-type-property
jira	direct_read	issuetypescheme get-all-issue-type-schemes
jira	reverse_etl	issuetypescheme create-issue-type-scheme
jira	direct_read	issuetypescheme get-issue-type-schemes-mapping
jira	direct_read	issuetypescheme get-issue-type-scheme-for-projects
jira	reverse_etl	issuetypescheme assign-issue-type-scheme-to-project
jira	reverse_etl	issuetypescheme delete-issue-type-scheme
jira	reverse_etl	issuetypescheme update-issue-type-scheme
jira	reverse_etl	issuetypescheme add-issue-types-to-issue-type-scheme
jira	reverse_etl	issuetypescheme reorder-issue-types-in-issue-type-scheme
jira	reverse_etl	issuetypescheme remove-issue-type-from-issue-type-scheme
jira	direct_read	issuetypescreenscheme get-issue-type-screen-schemes
jira	reverse_etl	issuetypescreenscheme create-issue-type-screen-scheme
jira	direct_read	issuetypescreenscheme get-issue-type-screen-scheme-mappings
jira	direct_read	issuetypescreenscheme get-issue-type-screen-scheme-project-associations
jira	reverse_etl	issuetypescreenscheme assign-issue-type-screen-scheme-to-project
jira	reverse_etl	issuetypescreenscheme delete-issue-type-screen-scheme
jira	reverse_etl	issuetypescreenscheme update-issue-type-screen-scheme
jira	reverse_etl	issuetypescreenscheme append-mappings-for-issue-type-screen-scheme
jira	reverse_etl	issuetypescreenscheme update-default-screen-scheme
jira	reverse_etl	issuetypescreenscheme remove-mappings-from-issue-type-screen-scheme
jira	direct_read	issuetypescreenscheme get-projects-for-issue-type-screen-scheme
jira	direct_read	jql get-auto-complete
jira	direct_read	jql get-auto-complete-post
jira	direct_read	jql get-field-auto-complete-for-query-string
jira	direct_read	jql get-precomputations
jira	reverse_etl	jql update-precomputations
jira	direct_read	jql get-precomputations-by-id
jira	direct_read	jql match-issues
jira	direct_read	jql parse-jql-queries
jira	direct_read	jql migrate-queries
jira	direct_read	jql sanitise-jql-queries
jira	direct_read	label get-all-labels
jira	direct_read	license get-approximate-license-count
jira	direct_read	license get-approximate-application-license-count
jira	direct_read	mypermissions get-my-permissions
jira	reverse_etl	mypreferences remove-preference
jira	direct_read	mypreferences get-preference
jira	direct_read	mypreferences get-locale
jira	reverse_etl	mypreferences set-locale
jira	direct_read	myself get-current-user
jira	direct_read	notificationscheme get-notification-schemes
jira	reverse_etl	notificationscheme create-notification-scheme
jira	direct_read	notificationscheme get-notification-scheme-to-project-mappings
jira	direct_read	notificationscheme get-notification-scheme
jira	reverse_etl	notificationscheme update-notification-scheme
jira	reverse_etl	notificationscheme delete-notification-scheme
jira	reverse_etl	notificationscheme remove-notification-from-notification-scheme
jira	direct_read	permissions get-all-permissions
jira	reverse_etl	permissions get-bulk-permissions
jira	reverse_etl	permissions get-permitted-projects
jira	direct_read	permissionscheme get-all-permission-schemes
jira	reverse_etl	permissionscheme create-permission-scheme
jira	reverse_etl	permissionscheme delete-permission-scheme
jira	direct_read	permissionscheme get-permission-scheme
jira	reverse_etl	permissionscheme update-permission-scheme
jira	direct_read	permissionscheme get-permission-scheme-grants
jira	reverse_etl	permissionscheme create-permission-grant
jira	reverse_etl	permissionscheme delete-permission-scheme-entity
jira	direct_read	permissionscheme get-permission-scheme-grant
jira	direct_read	plans get-plans
jira	reverse_etl	plans create-plan
jira	direct_read	plans get-plan
jira	reverse_etl	plans archive-plan
jira	reverse_etl	plans duplicate-plan
jira	direct_read	plans get-teams
jira	reverse_etl	plans add-atlassian-team
jira	reverse_etl	plans remove-atlassian-team
jira	direct_read	plans get-atlassian-team
jira	reverse_etl	plans create-plan-only-team
jira	reverse_etl	plans delete-plan-only-team
jira	direct_read	plans get-plan-only-team
jira	reverse_etl	plans trash-plan
jira	direct_read	priority get-priorities
jira	reverse_etl	priority create-priority
jira	reverse_etl	priority set-default-priority
jira	reverse_etl	priority move-priorities
jira	direct_read	priority search-priorities
jira	reverse_etl	priority delete-priority
jira	direct_read	priority get-priority
jira	reverse_etl	priority update-priority
jira	direct_read	priorityscheme get-priority-schemes
jira	reverse_etl	priorityscheme create-priority-scheme
jira	direct_read	priorityscheme suggested-priorities-for-mappings
jira	direct_read	priorityscheme get-available-priorities-by-priority-scheme
jira	reverse_etl	priorityscheme delete-priority-scheme
jira	reverse_etl	priorityscheme update-priority-scheme
jira	direct_read	priorityscheme get-priorities-by-priority-scheme
jira	direct_read	priorityscheme get-projects-by-priority-scheme
jira	direct_read	project get-all-projects
jira	reverse_etl	project create-project
jira	reverse_etl	project-template create-project-with-custom-template
jira	reverse_etl	project-template edit-template
jira	direct_read	project-template live-template
jira	reverse_etl	project-template remove-template
jira	reverse_etl	project-template save-template
jira	direct_read	project get-recent
jira	etl	projects list
jira	direct_read	project get-all-project-types
jira	direct_read	project get-all-accessible-project-types
jira	direct_read	project get-project-type-by-key
jira	direct_read	project get-accessible-project-type-by-key
jira	reverse_etl	project delete-project
jira	direct_read	project get-project
jira	reverse_etl	project update-project
jira	reverse_etl	project archive-project
jira	reverse_etl	project update-project-avatar
jira	reverse_etl	project delete-project-avatar
jira	direct_read	project get-all-project-avatars
jira	direct_read	project get-project-classification-config
jira	reverse_etl	project remove-default-project-classification
jira	direct_read	project get-default-project-classification
jira	reverse_etl	project update-default-project-classification
jira	direct_read	project get-project-components-paginated
jira	direct_read	project get-project-components
jira	reverse_etl	project delete-project-asynchronously
jira	direct_read	project get-features-for-project
jira	reverse_etl	project toggle-feature-for-project
jira	direct_read	project get-project-property-keys
jira	reverse_etl	project delete-project-property
jira	direct_read	project get-project-property
jira	reverse_etl	project restore
jira	direct_read	project get-project-roles
jira	reverse_etl	project delete-actor
jira	direct_read	project get-project-role
jira	reverse_etl	project add-actor-users
jira	reverse_etl	project set-actors
jira	direct_read	project get-project-role-details
jira	direct_read	project get-all-statuses
jira	direct_read	project get-project-versions-paginated
jira	direct_read	project get-project-versions
jira	direct_read	project get-project-email
jira	reverse_etl	project update-project-email
jira	direct_read	project get-hierarchy
jira	direct_read	project get-project-issue-security-scheme
jira	direct_read	project get-notification-scheme-for-project
jira	direct_read	project get-assigned-permission-scheme
jira	reverse_etl	project assign-permission-scheme
jira	direct_read	project get-security-levels-for-project
jira	direct_read	project-category get-all-project-categories
jira	reverse_etl	project-category create-project-category
jira	reverse_etl	project-category remove-project-category
jira	direct_read	project-category get-project-category-by-id
jira	reverse_etl	project-category update-project-category
jira	direct_read	projects get-project-fields
jira	direct_read	projectvalidate validate-project-key
jira	direct_read	projectvalidate get-valid-project-key
jira	direct_read	projectvalidate get-valid-project-name
jira	reverse_etl	redact redact
jira	direct_read	redact get-redaction-status
jira	direct_read	resolution get-resolutions
jira	reverse_etl	resolution create-resolution
jira	reverse_etl	resolution set-default-resolution
jira	reverse_etl	resolution move-resolutions
jira	direct_read	resolution search-resolutions
jira	reverse_etl	resolution delete-resolution
jira	direct_read	resolution get-resolution
jira	reverse_etl	resolution update-resolution
jira	direct_read	role get-all-project-roles
jira	reverse_etl	role create-project-role
jira	reverse_etl	role delete-project-role
jira	direct_read	role get-project-role-by-id
jira	reverse_etl	role partial-update-project-role
jira	reverse_etl	role fully-update-project-role
jira	reverse_etl	role delete-project-role-actors-from-role
jira	direct_read	role get-project-role-actors-for-role
jira	reverse_etl	role add-project-role-actors-to-role
jira	direct_read	screens get-screens
jira	reverse_etl	screens create-screen
jira	reverse_etl	screens add-field-to-default-screen
jira	direct_read	screens get-bulk-screen-tabs
jira	reverse_etl	screens delete-screen
jira	reverse_etl	screens update-screen
jira	direct_read	screens get-available-screen-fields
jira	direct_read	screens get-all-screen-tabs
jira	reverse_etl	screens add-screen-tab
jira	reverse_etl	screens delete-screen-tab
jira	reverse_etl	screens rename-screen-tab
jira	direct_read	screens get-all-screen-tab-fields
jira	reverse_etl	screens add-screen-tab-field
jira	reverse_etl	screens remove-screen-tab-field
jira	reverse_etl	screens move-screen-tab-field
jira	reverse_etl	screens move-screen-tab
jira	direct_read	screenscheme get-screen-schemes
jira	reverse_etl	screenscheme create-screen-scheme
jira	reverse_etl	screenscheme delete-screen-scheme
jira	reverse_etl	screenscheme update-screen-scheme
jira	etl	issues list
jira	direct_read	search search-for-issues-using-jql-post
jira	direct_read	search count-issues
jira	direct_read	search search-and-reconsile-issues-using-jql
jira	direct_read	search search-and-reconsile-issues-using-jql-post
jira	direct_read	securitylevel get-issue-security-level
jira	direct_read	server-info get-server-info
jira	direct_read	settings get-issue-navigator-default-columns
jira	reverse_etl	settings set-issue-navigator-default-columns
jira	direct_read	status get-statuses
jira	direct_read	status get-status
jira	direct_read	statuscategory get-status-categories
jira	direct_read	statuscategory get-status-category
jira	reverse_etl	statuses delete-statuses-by-id
jira	direct_read	statuses get-statuses-by-id
jira	reverse_etl	statuses create-statuses
jira	reverse_etl	statuses update-statuses
jira	direct_read	statuses get-statuses-by-name
jira	direct_read	statuses search
jira	direct_read	statuses get-project-issue-type-usages-for-status
jira	direct_read	statuses get-project-usages-for-status
jira	direct_read	statuses get-workflow-usages-for-status
jira	direct_read	task get-task
jira	reverse_etl	task cancel-task
jira	direct_read	ui-modifications get-ui-modifications
jira	reverse_etl	ui-modifications create-ui-modification
jira	reverse_etl	ui-modifications delete-ui-modification
jira	reverse_etl	ui-modifications update-ui-modification
jira	direct_read	universal-avatar get-avatars
jira	reverse_etl	universal-avatar delete-avatar
jira	binary_download	universal-avatar get-avatar-image-by-type
jira	binary_download	universal-avatar get-avatar-image-by-id
jira	binary_download	universal-avatar get-avatar-image-by-owner
jira	reverse_etl	user remove-user
jira	direct_read	user get-user
jira	reverse_etl	user create-user
jira	direct_read	user find-bulk-assignable-users
jira	direct_read	user find-assignable-users
jira	direct_read	user bulk-get-users
jira	direct_read	user bulk-get-users-migration
jira	direct_read	user get-user-default-columns
jira	reverse_etl	user set-user-columns
jira	direct_read	user get-user-email
jira	direct_read	user get-user-email-bulk
jira	direct_read	user get-user-groups
jira	direct_read	user find-users-with-all-permissions
jira	direct_read	user find-users-for-picker
jira	direct_read	user get-user-property-keys
jira	reverse_etl	user delete-user-property
jira	direct_read	user get-user-property
jira	direct_read	user find-users
jira	direct_read	user find-users-by-query
jira	direct_read	user find-user-keys-by-query
jira	direct_read	user find-users-with-browse-permission
jira	direct_read	users get-all-users-default
jira	etl	users list
jira	reverse_etl	version create-version
jira	reverse_etl	version delete-version
jira	direct_read	version get-version
jira	reverse_etl	version update-version
jira	reverse_etl	version merge-versions
jira	reverse_etl	version move-version
jira	direct_read	version get-version-related-issues
jira	direct_read	version get-related-work
jira	reverse_etl	version create-related-work
jira	reverse_etl	version update-related-work
jira	reverse_etl	version delete-and-replace-version
jira	direct_read	version get-version-unresolved-issues
jira	reverse_etl	version delete-related-work
jira	reverse_etl	webhook delete-webhook-by-id
jira	direct_read	webhook get-dynamic-webhooks-for-app
jira	reverse_etl	webhook register-dynamic-webhooks
jira	direct_read	webhook get-failed-webhooks
jira	reverse_etl	webhook refresh-webhooks
jira	reverse_etl	workflow read-workflow-from-history
jira	direct_read	workflow list-workflow-history
jira	direct_read	workflow get-workflow-transition-rule-configurations
jira	reverse_etl	workflow update-workflow-transition-rule-configurations
jira	reverse_etl	workflow delete-workflow-transition-rule-configurations
jira	direct_read	workflow get-workflows-paginated
jira	reverse_etl	workflow delete-inactive-workflow
jira	direct_read	workflow get-workflow-project-issue-type-usages
jira	direct_read	workflow get-project-usages-for-workflow
jira	direct_read	workflow get-workflow-scheme-usages-for-workflow
jira	reverse_etl	workflows read-workflows
jira	direct_read	workflows workflow-capabilities
jira	reverse_etl	workflows create-workflows
jira	direct_read	workflows get-default-editor
jira	direct_read	workflows read-workflow-previews
jira	direct_read	workflows search-workflows
jira	reverse_etl	workflows update-workflows
jira	direct_read	workflowscheme get-all-workflow-schemes
jira	reverse_etl	workflowscheme create-workflow-scheme
jira	direct_read	workflowscheme get-workflow-scheme-project-associations
jira	reverse_etl	workflowscheme assign-scheme-to-project
jira	reverse_etl	workflowscheme switch-workflow-scheme-for-project
jira	reverse_etl	workflowscheme read-workflow-schemes
jira	reverse_etl	workflowscheme get-required-workflow-scheme-mappings
jira	reverse_etl	workflowscheme delete-workflow-scheme
jira	direct_read	workflowscheme get-workflow-scheme
jira	reverse_etl	workflowscheme update-workflow-scheme
jira	reverse_etl	workflowscheme create-workflow-scheme-draft-from-parent
jira	reverse_etl	workflowscheme delete-default-workflow
jira	direct_read	workflowscheme get-default-workflow
jira	reverse_etl	workflowscheme update-default-workflow
jira	reverse_etl	workflowscheme delete-workflow-scheme-draft
jira	direct_read	workflowscheme get-workflow-scheme-draft
jira	reverse_etl	workflowscheme update-workflow-scheme-draft
jira	reverse_etl	workflowscheme delete-draft-default-workflow
jira	direct_read	workflowscheme get-draft-default-workflow
jira	reverse_etl	workflowscheme update-draft-default-workflow
jira	reverse_etl	workflowscheme delete-workflow-scheme-draft-issue-type
jira	direct_read	workflowscheme get-workflow-scheme-draft-issue-type
jira	reverse_etl	workflowscheme set-workflow-scheme-draft-issue-type
jira	reverse_etl	workflowscheme publish-draft-workflow-scheme
jira	reverse_etl	workflowscheme delete-draft-workflow-mapping
jira	direct_read	workflowscheme get-draft-workflow
jira	reverse_etl	workflowscheme update-draft-workflow-mapping
jira	reverse_etl	workflowscheme delete-workflow-scheme-issue-type
jira	direct_read	workflowscheme get-workflow-scheme-issue-type
jira	reverse_etl	workflowscheme set-workflow-scheme-issue-type
jira	reverse_etl	workflowscheme delete-workflow-mapping
jira	direct_read	workflowscheme get-workflow
jira	reverse_etl	workflowscheme update-workflow-mapping
jira	direct_read	workflowscheme get-project-usages-for-workflow-scheme
jira	direct_read	worklog get-ids-of-worklogs-deleted-since
jira	direct_read	worklog get-worklogs-for-ids
jira	direct_read	worklog get-ids-of-worklogs-modified-since
jira	direct_read	connect get-addon-properties
jira	reverse_etl	connect delete-addon-property
jira	direct_read	connect get-addon-property
jira	direct_read	connect get-modules
jira	reverse_etl	connect update-issue-fields
jira	reverse_etl	connect update-entity-properties-value
jira	direct_read	connect workflow-rule-search
jira	direct_read	connect fetch-migration-task
jira	reverse_etl	connect submit-task
jira	direct_read	connect services
jira	direct_read	forge get-forge-app-property-keys
jira	reverse_etl	forge delete-forge-app-property
jira	direct_read	forge get-forge-app-property
jira	reverse_etl	internal get-worklogs-by-issue-id-and-worklog-id
lever-hiring	etl	opportunities list
lever-hiring	etl	postings list
lever-hiring	etl	users list
lever-hiring	etl	requisitions list
lever-hiring	etl	stages list
lever-hiring	etl	deleted-applications list
lever-hiring	etl	archive-reasons list
lever-hiring	etl	audit-events list
lever-hiring	etl	disposition-stages list
lever-hiring	etl	feedback-templates list
lever-hiring	etl	deleted-opportunities list
lever-hiring	etl	deleted-postings list
lever-hiring	etl	form-templates list
lever-hiring	etl	requisition-fields list
lever-hiring	etl	sources list
lever-hiring	etl	applications list
lever-hiring	etl	opportunity-feedback list
lever-hiring	etl	opportunity-interviews list
lever-hiring	etl	opportunity-notes list
lever-hiring	etl	opportunity-offers list
lever-hiring	etl	opportunity-file-actions list
lever-hiring	etl	opportunity-panels list
lever-hiring	etl	opportunity-forms list
lever-hiring	etl	opportunity-referrals list
lever-hiring	etl	posting-users list
lever-hiring	direct_read	direct retrieve-a-single-application
lever-hiring	direct_read	direct retrieve-a-single-archive-reason
lever-hiring	direct_read	direct retrieve-a-single-contact
lever-hiring	direct_read	direct retrieve-eeo-responses-with-pii
lever-hiring	direct_read	direct retrieve-a-feedback-form
lever-hiring	direct_read	direct retrieve-a-feedback-template
lever-hiring	direct_read	direct retrieve-a-single-interview
lever-hiring	direct_read	direct retrieve-a-single-note
lever-hiring	direct_read	direct retrieve-a-single-opportunity
lever-hiring	direct_read	direct retrieve-a-single-panel
lever-hiring	direct_read	direct retrieve-a-single-posting
lever-hiring	direct_read	direct retrieve-posting-application-questions
lever-hiring	direct_read	direct retrieve-a-profile-form
lever-hiring	direct_read	direct retrieve-a-profile-form-template
lever-hiring	direct_read	direct retrieve-a-single-referral
lever-hiring	direct_read	direct retrieve-a-single-requisition
lever-hiring	direct_read	direct retrieve-a-single-requisition-field
lever-hiring	direct_read	direct retrieve-a-single-stage
lever-hiring	direct_read	direct retrieve-a-diversity-survey
lever-hiring	direct_read	direct list-all-tags
lever-hiring	direct_read	direct retrieve-a-single-user
lever-hiring	reverse_etl	update-feedback plan
lever-hiring	reverse_etl	delete-feedback plan
lever-hiring	reverse_etl	create-feedback-template plan
lever-hiring	reverse_etl	update-feedback-template plan
lever-hiring	reverse_etl	delete-feedback-template plan
lever-hiring	reverse_etl	create-form-template plan
lever-hiring	reverse_etl	update-form-template plan
lever-hiring	reverse_etl	delete-form-template plan
lever-hiring	reverse_etl	delete-note plan
lever-hiring	reverse_etl	delete-requisition plan
lever-hiring	reverse_etl	delete-requisition-field-options plan
lever-hiring	reverse_etl	delete-requisition-field plan
lever-hiring	reverse_etl	deactivate-user plan
lever-hiring	reverse_etl	reactivate-user plan
mailchimp	etl	account-exports-exports list
mailchimp	reverse_etl	actions post-account-exports
mailchimp	direct_read	account-exports get
mailchimp	etl	activity-feed-chimp-chatter list
mailchimp	etl	audiences list
mailchimp	direct_read	audiences get
mailchimp	etl	audiences-contacts list
mailchimp	reverse_etl	actions post-audiences-contacts
mailchimp	direct_read	audiences contacts get
mailchimp	reverse_etl	actions patch-audiences-contacts
mailchimp	reverse_etl	actions archive-contacts
mailchimp	reverse_etl	actions forget-contacts
mailchimp	etl	authorized-apps-apps list
mailchimp	direct_read	authorized-apps get
mailchimp	etl	automations list
mailchimp	reverse_etl	actions post-automations
mailchimp	direct_read	automations get
mailchimp	reverse_etl	actions archive-automations
mailchimp	reverse_etl	actions pause-all-emails-automations
mailchimp	reverse_etl	actions start-all-emails-automations
mailchimp	etl	automations-emails list
mailchimp	reverse_etl	actions delete-automations-emails
mailchimp	direct_read	automations emails get
mailchimp	reverse_etl	actions patch-automations-emails
mailchimp	reverse_etl	actions pause-emails
mailchimp	reverse_etl	actions start-emails
mailchimp	etl	automations-emails-queue list
mailchimp	reverse_etl	actions post-automations-emails-queue
mailchimp	direct_read	automations emails queue get
mailchimp	etl	automations-removed-subscribers-subscribers list
mailchimp	reverse_etl	actions post-automations-removed-subscribers
mailchimp	direct_read	automations removed-subscribers get
mailchimp	etl	batch-webhooks-webhooks list
mailchimp	reverse_etl	actions post-batch-webhooks
mailchimp	reverse_etl	actions delete-batch-webhooks
mailchimp	direct_read	batch-webhooks get
mailchimp	reverse_etl	actions patch-batch-webhooks
mailchimp	etl	batches list
mailchimp	reverse_etl	actions delete-batches
mailchimp	direct_read	batches get
mailchimp	etl	campaign-folders-folders list
mailchimp	reverse_etl	actions post-campaign-folders
mailchimp	reverse_etl	actions delete-campaign-folders
mailchimp	direct_read	campaign-folders get
mailchimp	reverse_etl	actions patch-campaign-folders
mailchimp	etl	campaigns list
mailchimp	reverse_etl	actions post-campaigns
mailchimp	reverse_etl	actions delete-campaigns
mailchimp	direct_read	campaigns get
mailchimp	reverse_etl	actions patch-campaigns
mailchimp	reverse_etl	actions cancel-send-campaigns
mailchimp	reverse_etl	actions create-resend-campaigns
mailchimp	reverse_etl	actions pause-campaigns
mailchimp	reverse_etl	actions replicate-campaigns
mailchimp	reverse_etl	actions resume-campaigns
mailchimp	reverse_etl	actions schedule-campaigns
mailchimp	reverse_etl	actions send-campaigns
mailchimp	reverse_etl	actions test-campaigns
mailchimp	reverse_etl	actions unschedule-campaigns
mailchimp	direct_read	campaigns content get
mailchimp	reverse_etl	actions put-campaigns-content
mailchimp	etl	campaigns-feedback list
mailchimp	reverse_etl	actions post-campaigns-feedback
mailchimp	reverse_etl	actions delete-campaigns-feedback
mailchimp	direct_read	campaigns feedback get
mailchimp	reverse_etl	actions patch-campaigns-feedback
mailchimp	direct_read	campaigns send-checklist get
mailchimp	etl	connected-sites-sites list
mailchimp	reverse_etl	actions post-connected-sites
mailchimp	reverse_etl	actions delete-connected-sites
mailchimp	direct_read	connected-sites get
mailchimp	reverse_etl	actions disable-pixel-connected-sites
mailchimp	reverse_etl	actions enable-pixel-connected-sites
mailchimp	reverse_etl	actions verify-script-installation-connected-sites
mailchimp	etl	conversations list
mailchimp	direct_read	conversations get
mailchimp	etl	conversations-messages-conversation-messages list
mailchimp	direct_read	conversations messages get
mailchimp	reverse_etl	actions trigger-steps
mailchimp	etl	ecommerce-orders list
mailchimp	etl	ecommerce-stores list
mailchimp	reverse_etl	actions post-ecommerce-stores
mailchimp	reverse_etl	actions delete-ecommerce-stores
mailchimp	direct_read	ecommerce stores get
mailchimp	reverse_etl	actions patch-ecommerce-stores
mailchimp	etl	ecommerce-stores-carts list
mailchimp	reverse_etl	actions post-ecommerce-stores-carts
mailchimp	reverse_etl	actions delete-ecommerce-stores-carts
mailchimp	direct_read	ecommerce stores carts get
mailchimp	reverse_etl	actions patch-ecommerce-stores-carts
mailchimp	etl	ecommerce-stores-carts-lines list
mailchimp	reverse_etl	actions post-ecommerce-stores-carts-lines
mailchimp	reverse_etl	actions delete-ecommerce-stores-carts-lines
mailchimp	direct_read	ecommerce stores carts lines get
mailchimp	reverse_etl	actions patch-ecommerce-stores-carts-lines
mailchimp	etl	ecommerce-stores-customers list
mailchimp	reverse_etl	actions post-ecommerce-stores-customers
mailchimp	reverse_etl	actions delete-ecommerce-stores-customers
mailchimp	direct_read	ecommerce stores customers get
mailchimp	reverse_etl	actions patch-ecommerce-stores-customers
mailchimp	reverse_etl	actions put-ecommerce-stores-customers
mailchimp	etl	ecommerce-stores-orders list
mailchimp	reverse_etl	actions post-ecommerce-stores-orders
mailchimp	reverse_etl	actions delete-ecommerce-stores-orders
mailchimp	direct_read	ecommerce stores orders get
mailchimp	reverse_etl	actions patch-ecommerce-stores-orders
mailchimp	reverse_etl	actions put-ecommerce-stores-orders
mailchimp	etl	ecommerce-stores-orders-lines list
mailchimp	reverse_etl	actions post-ecommerce-stores-orders-lines
mailchimp	reverse_etl	actions delete-ecommerce-stores-orders-lines
mailchimp	direct_read	ecommerce stores orders lines get
mailchimp	reverse_etl	actions patch-ecommerce-stores-orders-lines
mailchimp	etl	ecommerce-stores-products list
mailchimp	reverse_etl	actions post-ecommerce-stores-products
mailchimp	reverse_etl	actions delete-ecommerce-stores-products
mailchimp	direct_read	ecommerce stores products get
mailchimp	reverse_etl	actions patch-ecommerce-stores-products
mailchimp	reverse_etl	actions put-ecommerce-stores-products
mailchimp	etl	ecommerce-stores-products-images list
mailchimp	reverse_etl	actions post-ecommerce-stores-products-images
mailchimp	reverse_etl	actions delete-ecommerce-stores-products-images
mailchimp	direct_read	ecommerce stores products images get
mailchimp	reverse_etl	actions patch-ecommerce-stores-products-images
mailchimp	etl	ecommerce-stores-products-variants list
mailchimp	reverse_etl	actions post-ecommerce-stores-products-variants
mailchimp	reverse_etl	actions delete-ecommerce-stores-products-variants
mailchimp	direct_read	ecommerce stores products variants get
mailchimp	reverse_etl	actions patch-ecommerce-stores-products-variants
mailchimp	reverse_etl	actions put-ecommerce-stores-products-variants
mailchimp	etl	ecommerce-stores-promo-rules list
mailchimp	reverse_etl	actions post-ecommerce-stores-promo-rules
mailchimp	reverse_etl	actions delete-ecommerce-stores-promo-rules
mailchimp	direct_read	ecommerce stores promo-rules get
mailchimp	reverse_etl	actions patch-ecommerce-stores-promo-rules
mailchimp	etl	ecommerce-stores-promo-rules-promo-codes list
mailchimp	reverse_etl	actions post-ecommerce-stores-promo-rules-promo-codes
mailchimp	reverse_etl	actions delete-ecommerce-stores-promo-rules-promo-codes
mailchimp	direct_read	ecommerce stores promo-rules promo-codes get
mailchimp	reverse_etl	actions patch-ecommerce-stores-promo-rules-promo-codes
mailchimp	etl	facebook-ads list
mailchimp	direct_read	facebook-ads get
mailchimp	etl	file-manager-files list
mailchimp	reverse_etl	actions post-file-manager-files
mailchimp	reverse_etl	actions delete-file-manager-files
mailchimp	direct_read	file-manager files get
mailchimp	reverse_etl	actions patch-file-manager-files
mailchimp	etl	file-manager-folders list
mailchimp	reverse_etl	actions post-file-manager-folders
mailchimp	reverse_etl	actions delete-file-manager-folders
mailchimp	direct_read	file-manager folders get
mailchimp	reverse_etl	actions patch-file-manager-folders
mailchimp	etl	file-manager-folders-files list
mailchimp	etl	landing-pages list
mailchimp	reverse_etl	actions post-landing-pages
mailchimp	reverse_etl	actions delete-landing-pages
mailchimp	direct_read	landing-pages get
mailchimp	reverse_etl	actions patch-landing-pages
mailchimp	reverse_etl	actions publish-landing-pages
mailchimp	reverse_etl	actions unpublish-landing-pages
mailchimp	direct_read	landing-pages content get
mailchimp	etl	lists list
mailchimp	reverse_etl	actions post-lists
mailchimp	reverse_etl	actions delete-lists
mailchimp	direct_read	lists get
mailchimp	reverse_etl	actions patch-lists
mailchimp	reverse_etl	actions post-lists-2
mailchimp	etl	lists-abuse-reports list
mailchimp	direct_read	lists abuse-reports get
mailchimp	etl	lists-activity list
mailchimp	etl	lists-clients list
mailchimp	etl	lists-growth-history-history list
mailchimp	direct_read	lists growth-history get
mailchimp	etl	lists-interest-categories-categories list
mailchimp	reverse_etl	actions post-lists-interest-categories
mailchimp	reverse_etl	actions delete-lists-interest-categories
mailchimp	direct_read	lists interest-categories get
mailchimp	reverse_etl	actions patch-lists-interest-categories
mailchimp	etl	lists-interest-categories-interests list
mailchimp	reverse_etl	actions post-lists-interest-categories-interests
mailchimp	reverse_etl	actions delete-lists-interest-categories-interests
mailchimp	direct_read	lists interest-categories interests get
mailchimp	reverse_etl	actions patch-lists-interest-categories-interests
mailchimp	etl	lists-locations list
mailchimp	etl	lists-members list
mailchimp	reverse_etl	actions post-lists-members
mailchimp	reverse_etl	actions delete-lists-members
mailchimp	direct_read	lists members get
mailchimp	reverse_etl	actions patch-lists-members
mailchimp	reverse_etl	actions put-lists-members
mailchimp	reverse_etl	actions delete-permanent-members
mailchimp	etl	lists-members-activity list
mailchimp	direct_read	lists members activity-feed get
mailchimp	etl	lists-members-events list
mailchimp	reverse_etl	actions post-lists-members-events
mailchimp	etl	lists-members-goals list
mailchimp	etl	lists-members-notes list
mailchimp	reverse_etl	actions post-lists-members-notes
mailchimp	reverse_etl	actions delete-lists-members-notes
mailchimp	direct_read	lists members notes get
mailchimp	reverse_etl	actions patch-lists-members-notes
mailchimp	etl	lists-members-tags list
mailchimp	reverse_etl	actions post-lists-members-tags
mailchimp	etl	lists-merge-fields list
mailchimp	reverse_etl	actions post-lists-merge-fields
mailchimp	reverse_etl	actions delete-lists-merge-fields
mailchimp	direct_read	lists merge-fields get
mailchimp	reverse_etl	actions patch-lists-merge-fields
mailchimp	etl	lists-segments list
mailchimp	reverse_etl	actions post-lists-segments
mailchimp	reverse_etl	actions delete-lists-segments
mailchimp	direct_read	lists segments get
mailchimp	reverse_etl	actions patch-lists-segments
mailchimp	reverse_etl	actions post-lists-segments-2
mailchimp	etl	lists-segments-members list
mailchimp	reverse_etl	actions post-lists-segments-members
mailchimp	reverse_etl	actions delete-lists-segments-members
mailchimp	etl	lists-signup-forms list
mailchimp	reverse_etl	actions post-lists-signup-forms
mailchimp	etl	lists-surveys list
mailchimp	reverse_etl	actions post-lists-surveys
mailchimp	reverse_etl	actions delete-lists-surveys
mailchimp	direct_read	lists surveys get
mailchimp	reverse_etl	actions patch-lists-surveys
mailchimp	reverse_etl	actions create-email-surveys
mailchimp	reverse_etl	actions publish-surveys
mailchimp	reverse_etl	actions replicate-surveys
mailchimp	reverse_etl	actions unpublish-surveys
mailchimp	direct_read	lists tag-search get
mailchimp	etl	lists-webhooks list
mailchimp	reverse_etl	actions post-lists-webhooks
mailchimp	reverse_etl	actions delete-lists-webhooks
mailchimp	direct_read	lists webhooks get
mailchimp	reverse_etl	actions patch-lists-webhooks
mailchimp	etl	reporting-facebook-ads list
mailchimp	direct_read	reporting facebook-ads get
mailchimp	etl	reporting-facebook-ads-ecommerce-product-activity-products list
mailchimp	etl	reporting-landing-pages list
mailchimp	direct_read	reporting landing-pages get
mailchimp	etl	reporting-surveys list
mailchimp	direct_read	reporting surveys get
mailchimp	etl	reporting-surveys-questions list
mailchimp	direct_read	reporting surveys questions get
mailchimp	etl	reporting-surveys-questions-answers list
mailchimp	etl	reporting-surveys-responses list
mailchimp	direct_read	reporting surveys responses get
mailchimp	etl	reports list
mailchimp	direct_read	reports get
mailchimp	etl	reports-abuse-reports list
mailchimp	direct_read	reports abuse-reports get
mailchimp	etl	reports-advice list
mailchimp	etl	reports-click-details-urls-clicked list
mailchimp	direct_read	reports click-details get
mailchimp	etl	reports-click-details-members list
mailchimp	direct_read	reports click-details members get
mailchimp	etl	reports-domain-performance-domains list
mailchimp	etl	reports-ecommerce-product-activity-products list
mailchimp	etl	reports-eepurl-referrers list
mailchimp	etl	reports-email-activity-emails list
mailchimp	direct_read	reports email-activity get
mailchimp	etl	reports-locations list
mailchimp	etl	reports-open-details-members list
mailchimp	direct_read	reports open-details get
mailchimp	etl	reports-sent-to list
mailchimp	direct_read	reports sent-to get
mailchimp	etl	reports-sub-reports list
mailchimp	etl	reports-unsubscribed-unsubscribes list
mailchimp	direct_read	reports unsubscribed get
mailchimp	direct_read	search-campaigns get
mailchimp	direct_read	search-members get
mailchimp	etl	sms-campaigns list
mailchimp	reverse_etl	actions post-sms-campaigns
mailchimp	reverse_etl	actions delete-sms-campaigns
mailchimp	direct_read	sms-campaigns get
mailchimp	reverse_etl	actions patch-sms-campaigns
mailchimp	reverse_etl	actions cancel-send-sms-campaigns
mailchimp	reverse_etl	actions schedule-sms-campaigns
mailchimp	reverse_etl	actions send-sms-campaigns
mailchimp	direct_read	sms-campaigns content get
mailchimp	reverse_etl	actions put-sms-campaigns-content
mailchimp	etl	template-folders-folders list
mailchimp	reverse_etl	actions post-template-folders
mailchimp	reverse_etl	actions delete-template-folders
mailchimp	direct_read	template-folders get
mailchimp	reverse_etl	actions patch-template-folders
mailchimp	etl	templates list
mailchimp	reverse_etl	actions post-templates
mailchimp	reverse_etl	actions delete-templates
mailchimp	direct_read	templates get
mailchimp	reverse_etl	actions patch-templates
mailchimp	direct_read	templates default-content get
mailchimp	etl	verified-domains-domains list
mailchimp	reverse_etl	actions post-verified-domains
mailchimp	reverse_etl	actions delete-verified-domains
mailchimp	direct_read	verified-domains get
mailchimp	reverse_etl	actions verify-verified-domains
notion	etl	databases list
notion	etl	pages list
notion	etl	users list
notion	etl	custom-emojis list
notion	etl	file-uploads list
notion	etl	views list
notion	direct_read	async-task get
notion	direct_read	block get
notion	direct_read	block children list
notion	direct_read	comment list
notion	direct_read	comment get
notion	direct_read	data-source get
notion	direct_read	data-source templates list
notion	direct_read	database get
notion	direct_read	file-upload get
notion	direct_read	page get
notion	direct_read	page markdown get
notion	direct_read	page property get
notion	direct_read	user me get
notion	direct_read	user get
notion	direct_read	view get
notion	direct_read	view query results get
notion	direct_read	data-source query
notion	direct_read	meeting-note query
notion	reverse_etl	meeting-note create
notion	reverse_etl	block update
notion	reverse_etl	block delete
notion	reverse_etl	comment create
notion	reverse_etl	comment update-markdown
notion	reverse_etl	comment delete
notion	reverse_etl	data-source update
notion	reverse_etl	database create
notion	reverse_etl	database update
notion	reverse_etl	page create
notion	reverse_etl	page update
notion	reverse_etl	page markdown update
notion	reverse_etl	page move
notion	reverse_etl	page move-to-data-source
notion	reverse_etl	view create
notion	reverse_etl	view update
notion	reverse_etl	view delete
notion	reverse_etl	view query create
notion	reverse_etl	view query delete
notion	reverse_etl	file-upload create
notion	reverse_etl	file-upload complete
recurly	etl	sites list
recurly	etl	site get
recurly	etl	accounts list
recurly	etl	account get
recurly	etl	account acquisition get
recurly	etl	account balance get
recurly	etl	accounts billing-infos get
recurly	etl	billing infos list
recurly	etl	billing-infos get
recurly	etl	account coupon redemptions list
recurly	etl	active coupon redemptions list
recurly	etl	coupon redemption get
recurly	etl	account credit payments list
recurly	etl	account external account list
recurly	etl	account external account get
recurly	etl	account external invoices list
recurly	etl	account invoices list
recurly	etl	account line items list
recurly	etl	account notes list
recurly	etl	account note get
recurly	etl	shipping addresses list
recurly	etl	shipping address get
recurly	etl	account subscriptions list
recurly	etl	account transactions list
recurly	etl	child accounts list
recurly	etl	account acquisition list
recurly	etl	coupons list
recurly	etl	coupon get
recurly	etl	unique coupon codes list
recurly	etl	credit payments list
recurly	etl	credit payment get
recurly	etl	custom field definitions list
recurly	etl	custom field definition get
recurly	etl	general ledger accounts list
recurly	etl	general ledger account get
recurly	etl	performance-obligations get
recurly	etl	performance-obligations get-all
recurly	etl	invoice template accounts list
recurly	etl	items list
recurly	etl	item get
recurly	etl	measured unit list
recurly	etl	measured unit get
recurly	etl	external products list
recurly	etl	external product get
recurly	etl	external product external product references list
recurly	etl	external product external product reference get
recurly	etl	external subscriptions list
recurly	etl	external subscription get
recurly	etl	external subscription external invoices list
recurly	etl	invoices list
recurly	etl	invoice get
recurly	etl	invoice line items list
recurly	etl	invoice coupon redemptions list
recurly	etl	related invoices list
recurly	etl	line items list
recurly	etl	line item get
recurly	etl	plans list
recurly	etl	plan get
recurly	etl	plan add ons list
recurly	etl	plan add on get
recurly	etl	price segments list
recurly	etl	price segment get
recurly	etl	add ons list
recurly	etl	add on get
recurly	etl	shipping methods list
recurly	etl	shipping method get
recurly	etl	subscriptions list
recurly	etl	subscription get
recurly	etl	subscription change get
recurly	etl	subscription invoices list
recurly	etl	subscription line items list
recurly	etl	subscription coupon redemptions list
recurly	etl	subscription coupon redemption get
recurly	etl	usage list
recurly	etl	usage get
recurly	etl	transactions list
recurly	etl	transaction get
recurly	etl	unique coupon code get
recurly	etl	dunning campaigns list
recurly	etl	dunning campaign get
recurly	etl	invoice templates list
recurly	etl	invoice template get
recurly	etl	external invoices list
recurly	etl	external invoice get
recurly	etl	external subscription external payment phases list
recurly	etl	external subscription external payment phase get
recurly	etl	entitlements list
recurly	etl	account external subscriptions list
recurly	etl	business entity get
recurly	etl	business entities list
recurly	etl	gift cards list
recurly	etl	gift card get
recurly	etl	business entity invoices list
recurly	reverse_etl	account create
recurly	reverse_etl	account update
recurly	reverse_etl	account deactivate
recurly	reverse_etl	account redact
recurly	reverse_etl	account acquisition update
recurly	reverse_etl	account acquisition remove
recurly	reverse_etl	account reactivate
recurly	reverse_etl	billing info update
recurly	reverse_etl	billing info remove
recurly	reverse_etl	billing info verify
recurly	reverse_etl	billing info cvv verify
recurly	reverse_etl	billing info create
recurly	reverse_etl	a billing info update
recurly	reverse_etl	a billing info remove
recurly	reverse_etl	billing infos verify
recurly	reverse_etl	billing infos cvv verify
recurly	reverse_etl	coupon redemption create
recurly	reverse_etl	coupon redemption remove
recurly	reverse_etl	coupon redemption by id remove
recurly	reverse_etl	account external account create
recurly	reverse_etl	account external account update
recurly	reverse_etl	account external account delete
recurly	reverse_etl	invoice create
recurly	reverse_etl	line item create
recurly	reverse_etl	account note create
recurly	reverse_etl	account note remove
recurly	reverse_etl	shipping address create
recurly	reverse_etl	shipping address update
recurly	reverse_etl	shipping address remove
recurly	reverse_etl	coupon create
recurly	reverse_etl	coupon update
recurly	reverse_etl	coupon deactivate
recurly	reverse_etl	unique-coupon-codes generate
recurly	reverse_etl	unique-coupon-codes generate-sync
recurly	reverse_etl	coupon restore
recurly	reverse_etl	general ledger account create
recurly	reverse_etl	general ledger account update
recurly	reverse_etl	item create
recurly	reverse_etl	item update
recurly	reverse_etl	item deactivate
recurly	reverse_etl	item reactivate
recurly	reverse_etl	measured unit create
recurly	reverse_etl	measured unit update
recurly	reverse_etl	measured unit remove
recurly	reverse_etl	external product create
recurly	reverse_etl	external product update
recurly	reverse_etl	external products deactivate
recurly	reverse_etl	external product external product reference create
recurly	reverse_etl	external product external product reference deactivate
recurly	reverse_etl	external subscription create
recurly	reverse_etl	external-subscriptions put
recurly	reverse_etl	external invoice create
recurly	reverse_etl	invoice update
recurly	reverse_etl	invoices apply-credit-balance
recurly	reverse_etl	invoice collect
recurly	reverse_etl	invoice failed mark
recurly	reverse_etl	invoice successful mark
recurly	reverse_etl	invoice reopen
recurly	reverse_etl	invoice void
recurly	reverse_etl	invoices record-external-transaction
recurly	reverse_etl	invoice refund
recurly	reverse_etl	invoices retries create
recurly	reverse_etl	line item remove
recurly	reverse_etl	plan create
recurly	reverse_etl	plan update
recurly	reverse_etl	plan remove
recurly	reverse_etl	plan add on create
recurly	reverse_etl	plan add on update
recurly	reverse_etl	plan add on remove
recurly	reverse_etl	shipping method create
recurly	reverse_etl	shipping method update
recurly	reverse_etl	shipping method deactivate
recurly	reverse_etl	subscription create
recurly	reverse_etl	subscription update
recurly	reverse_etl	subscription terminate
recurly	reverse_etl	subscription cancel
recurly	reverse_etl	subscription reactivate
recurly	reverse_etl	subscription pause
recurly	reverse_etl	subscription resume
recurly	reverse_etl	subscriptions convert-trial
recurly	reverse_etl	subscription change create
recurly	reverse_etl	subscription change remove
recurly	reverse_etl	subscription coupon redemption remove
recurly	reverse_etl	usage create
recurly	reverse_etl	usage update
recurly	reverse_etl	usage remove
recurly	reverse_etl	unique coupon code deactivate
recurly	reverse_etl	unique coupon code reactivate
recurly	reverse_etl	purchase create
recurly	reverse_etl	purchases create-pending
recurly	reverse_etl	purchases authorize
recurly	reverse_etl	purchases capture
recurly	reverse_etl	purchases cancel
recurly	reverse_etl	dunning-campaigns bulk-update
recurly	reverse_etl	gift card create
recurly	reverse_etl	gift card redeem
recurly	direct_read	invoices preview
recurly	binary_download	invoice pdf get
recurly	direct_read	subscriptions preview renewal
recurly	direct_read	subscriptions preview change
recurly	direct_read	purchases preview
recurly	binary_download	export dates get
recurly	binary_download	export files get
recurly	direct_read	gift cards preview
stripe	etl	customers list
stripe	reverse_etl	customers create
stripe	reverse_etl	customers update
stripe	reverse_etl	customers delete
stripe	etl	charges list
stripe	etl	invoices list
stripe	etl	subscriptions list
stripe	etl	products list
twenty	etl	attachments list
twenty	direct_read	attachments get
twenty	reverse_etl	attachments create
twenty	reverse_etl	attachments update
twenty	reverse_etl	attachments batch
twenty	reverse_etl	attachments delete
twenty	etl	blocklists list
twenty	direct_read	blocklists get
twenty	reverse_etl	blocklists create
twenty	reverse_etl	blocklists update
twenty	reverse_etl	blocklists batch
twenty	reverse_etl	blocklists delete
twenty	etl	calendar-channel-event-associations list
twenty	direct_read	calendar-channel-event-associations get
twenty	reverse_etl	calendar-channel-event-associations create
twenty	reverse_etl	calendar-channel-event-associations update
twenty	reverse_etl	calendar-channel-event-associations batch
twenty	reverse_etl	calendar-channel-event-associations delete
twenty	etl	calendar-event-participants list
twenty	direct_read	calendar-event-participants get
twenty	reverse_etl	calendar-event-participants create
twenty	reverse_etl	calendar-event-participants update
twenty	reverse_etl	calendar-event-participants batch
twenty	reverse_etl	calendar-event-participants delete
twenty	etl	calendar-events list
twenty	direct_read	calendar-events get
twenty	reverse_etl	calendar-events create
twenty	reverse_etl	calendar-events update
twenty	reverse_etl	calendar-events batch
twenty	reverse_etl	calendar-events delete
twenty	etl	call-recordings list
twenty	direct_read	call-recordings get
twenty	reverse_etl	call-recordings create
twenty	reverse_etl	call-recordings update
twenty	reverse_etl	call-recordings batch
twenty	reverse_etl	call-recordings delete
twenty	etl	companies list
twenty	direct_read	companies get
twenty	reverse_etl	companies create
twenty	reverse_etl	companies update
twenty	reverse_etl	companies batch
twenty	reverse_etl	companies delete
twenty	etl	dashboards list
twenty	direct_read	dashboards get
twenty	reverse_etl	dashboards create
twenty	reverse_etl	dashboards update
twenty	reverse_etl	dashboards batch
twenty	reverse_etl	dashboards delete
twenty	etl	message-campaigns list
twenty	direct_read	message-campaigns get
twenty	reverse_etl	message-campaigns create
twenty	reverse_etl	message-campaigns update
twenty	reverse_etl	message-campaigns batch
twenty	reverse_etl	message-campaigns delete
twenty	etl	message-channel-message-association-message-folders list
twenty	direct_read	message-channel-message-association-message-folders get
twenty	reverse_etl	message-channel-message-association-message-folders create
twenty	reverse_etl	message-channel-message-association-message-folders update
twenty	reverse_etl	message-channel-message-association-message-folders batch
twenty	reverse_etl	message-channel-message-association-message-folders delete
twenty	etl	message-channel-message-associations list
twenty	direct_read	message-channel-message-associations get
twenty	reverse_etl	message-channel-message-associations create
twenty	reverse_etl	message-channel-message-associations update
twenty	reverse_etl	message-channel-message-associations batch
twenty	reverse_etl	message-channel-message-associations delete
twenty	etl	message-list-members list
twenty	direct_read	message-list-members get
twenty	reverse_etl	message-list-members create
twenty	reverse_etl	message-list-members update
twenty	reverse_etl	message-list-members batch
twenty	reverse_etl	message-list-members delete
twenty	etl	message-lists list
twenty	direct_read	message-lists get
twenty	reverse_etl	message-lists create
twenty	reverse_etl	message-lists update
twenty	reverse_etl	message-lists batch
twenty	reverse_etl	message-lists delete
twenty	etl	message-participants list
twenty	direct_read	message-participants get
twenty	reverse_etl	message-participants create
twenty	reverse_etl	message-participants update
twenty	reverse_etl	message-participants batch
twenty	reverse_etl	message-participants delete
twenty	etl	message-threads list
twenty	direct_read	message-threads get
twenty	reverse_etl	message-threads create
twenty	reverse_etl	message-threads update
twenty	reverse_etl	message-threads batch
twenty	reverse_etl	message-threads delete
twenty	etl	messages list
twenty	direct_read	messages get
twenty	reverse_etl	messages create
twenty	reverse_etl	messages update
twenty	reverse_etl	messages batch
twenty	reverse_etl	messages delete
twenty	etl	note-targets list
twenty	direct_read	note-targets get
twenty	reverse_etl	note-targets create
twenty	reverse_etl	note-targets update
twenty	reverse_etl	note-targets batch
twenty	reverse_etl	note-targets delete
twenty	etl	notes list
twenty	direct_read	notes get
twenty	reverse_etl	notes create
twenty	reverse_etl	notes update
twenty	reverse_etl	notes batch
twenty	reverse_etl	notes delete
twenty	etl	opportunities list
twenty	direct_read	opportunities get
twenty	reverse_etl	opportunities create
twenty	reverse_etl	opportunities update
twenty	reverse_etl	opportunities batch
twenty	reverse_etl	opportunities delete
twenty	etl	people list
twenty	direct_read	people get
twenty	reverse_etl	people create
twenty	reverse_etl	people update
twenty	reverse_etl	people batch
twenty	reverse_etl	people delete
twenty	etl	task-targets list
twenty	direct_read	task-targets get
twenty	reverse_etl	task-targets create
twenty	reverse_etl	task-targets update
twenty	reverse_etl	task-targets batch
twenty	reverse_etl	task-targets delete
twenty	etl	tasks list
twenty	direct_read	tasks get
twenty	reverse_etl	tasks create
twenty	reverse_etl	tasks update
twenty	reverse_etl	tasks batch
twenty	reverse_etl	tasks delete
twenty	etl	timeline-activities list
twenty	direct_read	timeline-activities get
twenty	reverse_etl	timeline-activities create
twenty	reverse_etl	timeline-activities update
twenty	reverse_etl	timeline-activities batch
twenty	reverse_etl	timeline-activities delete
twenty	etl	workflow-automated-triggers list
twenty	direct_read	workflow-automated-triggers get
twenty	reverse_etl	workflow-automated-triggers create
twenty	reverse_etl	workflow-automated-triggers update
twenty	reverse_etl	workflow-automated-triggers batch
twenty	reverse_etl	workflow-automated-triggers delete
twenty	etl	workflow-runs list
twenty	direct_read	workflow-runs get
twenty	reverse_etl	workflow-runs create
twenty	reverse_etl	workflow-runs update
twenty	reverse_etl	workflow-runs batch
twenty	reverse_etl	workflow-runs delete
twenty	etl	workflow-versions list
twenty	direct_read	workflow-versions get
twenty	reverse_etl	workflow-versions create
twenty	reverse_etl	workflow-versions update
twenty	reverse_etl	workflow-versions batch
twenty	reverse_etl	workflow-versions delete
twenty	etl	workflows list
twenty	direct_read	workflows get
twenty	reverse_etl	workflows create
twenty	reverse_etl	workflows update
twenty	reverse_etl	workflows batch
twenty	reverse_etl	workflows delete
twenty	etl	workspace-members list
twenty	direct_read	workspace-members get
twenty	reverse_etl	workspace-members create
twenty	reverse_etl	workspace-members update
twenty	reverse_etl	workspace-members batch
twenty	reverse_etl	workspace-members delete
workday-rest	direct_read	absence-management balances-list
workday-rest	direct_read	absence-management balances-get
workday-rest	direct_read	absence-management values-leave-status-list
workday-rest	direct_read	absence-management values-time-off-status-list
workday-rest	direct_read	absence-management workers-list
workday-rest	direct_read	absence-management workers-get
workday-rest	direct_read	absence-management workers-by-id-eligible-absence-types-list
workday-rest	direct_read	absence-management workers-by-id-eligible-absence-types-get
workday-rest	direct_read	absence-management workers-by-id-leaves-of-absence-list
workday-rest	direct_read	absence-management workers-by-id-leaves-of-absence-get
workday-rest	direct_read	absence-management workers-by-id-time-off-details-list
workday-rest	direct_read	absence-management workers-by-id-time-off-details-get
workday-rest	direct_read	absence-management workers-by-id-valid-time-off-dates-list
workday-rest	direct_read	accounts-payable supplier-invoice-requests-list
workday-rest	direct_read	accounts-payable supplier-invoice-requests-get
workday-rest	direct_read	accounts-payable supplier-invoice-requests-by-id-attachments-list
workday-rest	direct_read	accounts-payable supplier-invoice-requests-by-id-attachments-get
workday-rest	direct_read	accounts-payable supplier-invoice-requests-by-id-lines-list
workday-rest	direct_read	accounts-payable supplier-invoice-requests-by-id-lines-get
workday-rest	direct_read	common business-title-changes-get
workday-rest	direct_read	common currencies-list
workday-rest	direct_read	common currencies-get
workday-rest	direct_read	common customers-get
workday-rest	direct_read	common customers-by-id-activities-list
workday-rest	direct_read	common customers-by-id-activities-get
workday-rest	direct_read	common job-change-reasons-list
workday-rest	direct_read	common job-change-reasons-get
workday-rest	direct_read	common organization-types-list
workday-rest	direct_read	common organization-types-get
workday-rest	direct_read	common organizations-list
workday-rest	direct_read	common organizations-get
workday-rest	direct_read	common supervisory-organizations-list
workday-rest	direct_read	common supervisory-organizations-get
workday-rest	direct_read	common supervisory-organizations-by-id-workers-list
workday-rest	direct_read	common supervisory-organizations-by-id-workers-get
workday-rest	direct_read	common workers-list
workday-rest	direct_read	common workers-get
workday-rest	direct_read	common workers-by-id-business-title-changes-list
workday-rest	direct_read	common workers-by-id-business-title-changes-get
workday-rest	direct_read	common workers-by-id-direct-reports-list
workday-rest	direct_read	common workers-by-id-direct-reports-get
workday-rest	direct_read	common workers-by-id-history-list
workday-rest	direct_read	common workers-by-id-history-get
workday-rest	direct_read	common workers-by-id-inbox-tasks-list
workday-rest	direct_read	common workers-by-id-inbox-tasks-get
workday-rest	direct_read	common workers-by-id-organizations-list
workday-rest	direct_read	common workers-by-id-organizations-get
workday-rest	direct_read	common workers-by-id-pay-slips-list
workday-rest	direct_read	common workers-by-id-pay-slips-get
workday-rest	direct_read	common workers-by-id-supervisory-organizations-managed-list
workday-rest	direct_read	common workers-by-id-supervisory-organizations-managed-get
workday-rest	direct_read	common workers-by-id-time-off-entries-list
workday-rest	direct_read	common workers-by-id-time-off-entries-get
workday-rest	direct_read	common workers-by-id-time-off-plans-list
workday-rest	direct_read	common workers-by-id-time-off-plans-get
workday-rest	direct_read	prism-analytics buckets-list
workday-rest	direct_read	prism-analytics buckets-get
workday-rest	binary_download	prism-analytics buckets-by-id-error-file-list
workday-rest	direct_read	prism-analytics data-changes-list
workday-rest	direct_read	prism-analytics data-changes-get
workday-rest	direct_read	prism-analytics data-changes-by-data-change-id-activities-get
workday-rest	direct_read	prism-analytics data-changes-by-data-change-id-validate-list
workday-rest	direct_read	prism-analytics file-containers-by-file-container-id-files-list
workday-rest	direct_read	prism-analytics tables-list
workday-rest	direct_read	prism-analytics tables-get
workday-rest	direct_read	asor agent-definition-list
workday-rest	direct_read	asor agent-resource-search-list
workday-rest	direct_read	asor agent-resource-search-get
workday-rest	direct_read	asor registration-list
workday-rest	direct_read	asor registration-get
workday-rest	direct_read	attachments graphql-get
workday-rest	binary_download	attachments graphql-get-download
workday-rest	direct_read	benefit-enrollment-event-offerings employee-enrollment-event-list
workday-rest	direct_read	benefit-enrollment-event-offerings employee-enrollment-event-get
workday-rest	direct_read	business-process event-steps-list
workday-rest	direct_read	business-process event-steps-get
workday-rest	direct_read	business-process events-list
workday-rest	direct_read	business-process events-get
workday-rest	direct_read	business-process events-by-id-attachments-list
workday-rest	direct_read	business-process events-by-id-comments-list
workday-rest	direct_read	business-process events-by-id-completed-steps-list
workday-rest	direct_read	business-process events-by-id-in-progress-steps-list
workday-rest	direct_read	business-process events-by-id-remaining-steps-list
workday-rest	direct_read	business-process types-list
workday-rest	direct_read	business-process types-get
workday-rest	direct_read	business-process types-by-id-attachment-categories-list
workday-rest	direct_read	business-process values-send-back-to-list
workday-rest	direct_read	compensation scorecard-results-list
workday-rest	direct_read	compensation scorecard-results-get
workday-rest	direct_read	compensation scorecards-list
workday-rest	direct_read	compensation scorecards-get
workday-rest	direct_read	compensation values-one-time-payment-plan-group-one-time-payment-plan-list
workday-rest	direct_read	compensation workers-list
workday-rest	direct_read	compensation workers-get
workday-rest	direct_read	connect message-templates-list
workday-rest	direct_read	connect message-templates-get
workday-rest	direct_read	connect notification-types-list
workday-rest	direct_read	connect notification-types-get
workday-rest	direct_read	connect values-audience-prompt-group-audience-type-list
workday-rest	direct_read	connect values-audience-prompt-group-selection-list
workday-rest	direct_read	contract-compliance supplier-contracts-list
workday-rest	direct_read	contract-compliance supplier-contracts-get
workday-rest	direct_read	contract-compliance values-contract-compliance-group-companies-or-hierarchies-list
workday-rest	direct_read	contract-compliance values-contract-compliance-group-contract-types-list
workday-rest	direct_read	core-accounting currencies-list
workday-rest	direct_read	core-accounting currencies-get
workday-rest	direct_read	core-accounting evaluate-account-posting-rules-list
workday-rest	direct_read	custom-object custom-objects-by-custom-object-alias-get
workday-rest	direct_read	custom-object by-business-object-resource-by-business-object-id-custom-objects-get
workday-rest	direct_read	custom-object-definition definitions-list
workday-rest	direct_read	custom-object-definition definitions-get
workday-rest	direct_read	custom-object-definition definitions-by-id-condition-rules-list
workday-rest	direct_read	custom-object-definition definitions-by-id-condition-rules-get
workday-rest	direct_read	custom-object-definition definitions-by-id-fields-list
workday-rest	direct_read	custom-object-definition definitions-by-id-fields-get
workday-rest	direct_read	custom-object-definition definitions-by-id-validations-list
workday-rest	direct_read	custom-object-definition definitions-by-id-validations-get
workday-rest	direct_read	custom-object-definition field-types-list
workday-rest	direct_read	custom-object-definition field-types-get
workday-rest	direct_read	custom-object-definition field-types-by-id-list-values-list
workday-rest	direct_read	custom-object-definition field-types-by-id-list-values-get
workday-rest	direct_read	customer-accounts customers-list
workday-rest	direct_read	customer-accounts customers-get
workday-rest	direct_read	customer-accounts invoice-pdfs-get
workday-rest	binary_download	customer-accounts invoice-pdfs-get-download
workday-rest	direct_read	customer-accounts invoices-list
workday-rest	direct_read	customer-accounts invoices-get
workday-rest	direct_read	customer-accounts invoices-by-id-print-runs-list
workday-rest	direct_read	customer-accounts invoices-by-id-print-runs-get
workday-rest	direct_read	customer-accounts payments-get
workday-rest	direct_read	customer-accounts payments-by-id-remittance-details-get
workday-rest	direct_read	expense entries-list
workday-rest	direct_read	expense entries-get
workday-rest	direct_read	expense expense-items-list
workday-rest	direct_read	expense expense-items-get
workday-rest	direct_read	expense reports-list
workday-rest	direct_read	expense reports-get
workday-rest	direct_read	expense values-bespoke-prompt-currency-list
workday-rest	direct_read	expense values-bespoke-prompt-expense-group-list
workday-rest	direct_read	expense values-bespoke-prompt-expense-item-list
workday-rest	direct_read	global-payroll effective-changes-get
workday-rest	direct_read	global-payroll event-driven-integration-vendor-response-get
workday-rest	direct_read	global-payroll pay-groups-list
workday-rest	direct_read	global-payroll pay-groups-get
workday-rest	direct_read	global-payroll pay-groups-by-id-periods-list
workday-rest	direct_read	global-payroll pay-groups-by-id-periods-get
workday-rest	direct_read	graph versions-list
workday-rest	direct_read	graph versions-get
workday-rest	direct_read	help-article article-statuses-list
workday-rest	direct_read	help-article article-statuses-get
workday-rest	direct_read	help-article article-versions-list
workday-rest	direct_read	help-article article-versions-get
workday-rest	direct_read	help-article article-versions-by-id-approval-decision-list
workday-rest	direct_read	help-article article-versions-by-id-approval-decision-get
workday-rest	direct_read	help-article article-versions-by-id-approval-request-get
workday-rest	direct_read	help-article values-common-audiences-list
workday-rest	direct_read	help-case attachments-get
workday-rest	direct_read	help-case case-suggestions-list
workday-rest	direct_read	help-case case-suggestions-get
workday-rest	direct_read	help-case case-types-list
workday-rest	direct_read	help-case case-types-get
workday-rest	direct_read	help-case cases-list
workday-rest	direct_read	help-case cases-get
workday-rest	direct_read	help-case cases-by-id-comment-list
workday-rest	direct_read	help-case cases-by-id-comment-get
workday-rest	direct_read	help-case cases-by-id-internal-note-timeline-list
workday-rest	direct_read	help-case cases-by-id-internal-note-timeline-get
workday-rest	direct_read	help-case cases-by-id-timeline-list
workday-rest	direct_read	help-case cases-by-id-timeline-get
workday-rest	direct_read	help-case configuration-list
workday-rest	direct_read	help-case configuration-get
workday-rest	direct_read	help-case external-creators-list
workday-rest	direct_read	help-case external-creators-get
workday-rest	direct_read	help-case service-categories-list
workday-rest	direct_read	help-case service-categories-get
workday-rest	direct_read	help-case values-case-flags-group-case-flags-list
workday-rest	direct_read	help-case values-case-label-categories-group-case-label-categories-list
workday-rest	direct_read	help-case values-case-statuses-group-case-statuses-list
workday-rest	direct_read	help-case values-external-records-source-list
workday-rest	direct_read	help-case values-service-teams-group-service-teams-list
workday-rest	direct_read	holiday holiday-events-list
workday-rest	direct_read	journeys values-related-role-role-list
workday-rest	direct_read	learning content-list
workday-rest	direct_read	learning content-get
workday-rest	direct_read	learning content-by-id-lessons-list
workday-rest	direct_read	learning content-by-id-lessons-get
workday-rest	direct_read	learning enrollments-list
workday-rest	direct_read	learning enrollments-get
workday-rest	direct_read	learning enrollments-by-id-lesson-trackings-list
workday-rest	direct_read	learning enrollments-by-id-lesson-trackings-get
workday-rest	direct_read	learning records-list
workday-rest	direct_read	learning records-get
workday-rest	direct_read	learning values-tracking-enrollment-data-attendance-status-list
workday-rest	direct_read	learning values-tracking-enrollment-data-duration-unit-list
workday-rest	direct_read	learning values-tracking-enrollment-data-grade-list
workday-rest	direct_read	o-auth-client client-details-list
workday-rest	direct_read	o-auth-client client-details-get
workday-rest	direct_read	payroll jobs-list
workday-rest	direct_read	payroll jobs-get
workday-rest	direct_read	payroll jobs-by-id-pay-group-list
workday-rest	direct_read	payroll jobs-by-id-pay-group-get
workday-rest	direct_read	payroll minimum-wage-rates-list
workday-rest	direct_read	payroll minimum-wage-rates-get
workday-rest	direct_read	payroll pay-group-details-list
workday-rest	direct_read	payroll pay-group-details-get
workday-rest	direct_read	payroll pay-groups-list
workday-rest	direct_read	payroll pay-groups-get
workday-rest	direct_read	payroll payroll-inputs-list
workday-rest	direct_read	payroll payroll-inputs-get
workday-rest	direct_read	payroll tax-rates-list
workday-rest	direct_read	payroll values-minimum-wage-rates-group-countries-list
workday-rest	direct_read	payroll values-minimum-wage-rates-group-tax-authorities-list
workday-rest	direct_read	payroll values-payroll-inputs-group-pay-components-list
workday-rest	direct_read	payroll values-payroll-inputs-group-positions-list
workday-rest	direct_read	payroll values-payroll-inputs-group-run-categories-list
workday-rest	direct_read	payroll values-payroll-inputs-group-worktags-list
workday-rest	direct_read	payroll values-tax-rates-group-company-instances-list
workday-rest	direct_read	payroll values-tax-rates-group-state-instances-list
workday-rest	direct_read	performance-enablement feedback-badges-list
workday-rest	direct_read	performance-enablement feedback-badges-get
workday-rest	direct_read	performance-enablement give-requested-feedback-events-list
workday-rest	direct_read	performance-enablement give-requested-feedback-events-get
workday-rest	direct_read	performance-enablement values-cascade-goal-talent-pools-list
workday-rest	direct_read	performance-enablement values-feedback-on-worker-feedback-on-worker-list
workday-rest	direct_read	performance-enablement values-feedback-responder-feedback-responder-list
workday-rest	direct_read	performance-enablement values-feedback-template-feedback-template-list
workday-rest	direct_read	performance-enablement values-manage-goals-categories-list
workday-rest	direct_read	performance-enablement values-manage-goals-status-list
workday-rest	direct_read	performance-enablement values-organization-goal-goal-periods-list
workday-rest	direct_read	performance-enablement values-organization-goal-organizations-list
workday-rest	direct_read	performance-enablement values-organization-goal-supporting-initiatives-list
workday-rest	direct_read	performance-enablement values-relates-to-relates-to-list
workday-rest	direct_read	performance-enablement values-review-template-template-for-my-performance-review-list
workday-rest	direct_read	performance-enablement values-workers-to-notify-workers-to-notify-list
workday-rest	direct_read	performance-enablement worker-goal-events-list
workday-rest	direct_read	performance-enablement worker-goal-events-get
workday-rest	direct_read	performance-enablement workers-list
workday-rest	direct_read	performance-enablement workers-get
workday-rest	direct_read	performance-enablement workers-by-id-anytime-feedback-events-list
workday-rest	direct_read	performance-enablement workers-by-id-anytime-feedback-events-get
workday-rest	direct_read	performance-enablement workers-by-id-development-items-list
workday-rest	direct_read	performance-enablement workers-by-id-development-items-get
workday-rest	direct_read	performance-enablement workers-by-id-goals-list
workday-rest	direct_read	performance-enablement workers-by-id-goals-get
workday-rest	direct_read	performance-enablement workers-by-id-requested-feedback-on-self-events-list
workday-rest	direct_read	performance-enablement workers-by-id-requested-feedback-on-self-events-get
workday-rest	direct_read	performance-enablement workers-by-id-requested-feedback-on-worker-events-list
workday-rest	direct_read	performance-enablement workers-by-id-requested-feedback-on-worker-events-get
workday-rest	direct_read	person countries-list
workday-rest	direct_read	person countries-get
workday-rest	direct_read	person countries-by-id-address-components-list
workday-rest	direct_read	person countries-by-id-name-components-list
workday-rest	direct_read	person home-contact-information-changes-get
workday-rest	direct_read	person home-contact-information-changes-by-id-addresses-list
workday-rest	direct_read	person home-contact-information-changes-by-id-addresses-get
workday-rest	direct_read	person home-contact-information-changes-by-id-email-addresses-list
workday-rest	direct_read	person home-contact-information-changes-by-id-email-addresses-get
workday-rest	direct_read	person home-contact-information-changes-by-id-instant-messengers-list
workday-rest	direct_read	person home-contact-information-changes-by-id-instant-messengers-get
workday-rest	direct_read	person home-contact-information-changes-by-id-phone-numbers-list
workday-rest	direct_read	person home-contact-information-changes-by-id-phone-numbers-get
workday-rest	direct_read	person home-contact-information-changes-by-id-web-addresses-list
workday-rest	direct_read	person home-contact-information-changes-by-id-web-addresses-get
workday-rest	direct_read	person people-list
workday-rest	direct_read	person people-get
workday-rest	direct_read	person people-by-id-additional-names-list
workday-rest	direct_read	person people-by-id-additional-names-get
workday-rest	direct_read	person people-by-id-audio-name-pronunciation-list
workday-rest	direct_read	person people-by-id-audio-name-pronunciation-get
workday-rest	direct_read	person people-by-id-home-addresses-list
workday-rest	direct_read	person people-by-id-home-addresses-get
workday-rest	direct_read	person people-by-id-home-emails-list
workday-rest	direct_read	person people-by-id-home-emails-get
workday-rest	direct_read	person people-by-id-home-instant-messengers-list
workday-rest	direct_read	person people-by-id-home-instant-messengers-get
workday-rest	direct_read	person people-by-id-home-phones-list
workday-rest	direct_read	person people-by-id-home-phones-get
workday-rest	direct_read	person people-by-id-home-web-addresses-list
workday-rest	direct_read	person people-by-id-home-web-addresses-get
workday-rest	direct_read	person people-by-id-legal-name-list
workday-rest	direct_read	person people-by-id-legal-name-get
workday-rest	direct_read	person people-by-id-personal-information-list
workday-rest	direct_read	person people-by-id-personal-information-get
workday-rest	direct_read	person people-by-id-photos-list
workday-rest	direct_read	person people-by-id-photos-get
workday-rest	direct_read	person people-by-id-preferred-name-list
workday-rest	direct_read	person people-by-id-preferred-name-get
workday-rest	direct_read	person people-by-id-public-contact-information-list
workday-rest	direct_read	person people-by-id-public-contact-information-get
workday-rest	direct_read	person people-by-id-work-addresses-list
workday-rest	direct_read	person people-by-id-work-addresses-get
workday-rest	direct_read	person people-by-id-work-emails-list
workday-rest	direct_read	person people-by-id-work-emails-get
workday-rest	direct_read	person people-by-id-work-instant-messengers-list
workday-rest	direct_read	person people-by-id-work-instant-messengers-get
workday-rest	direct_read	person people-by-id-work-phones-list
workday-rest	direct_read	person people-by-id-work-phones-get
workday-rest	direct_read	person people-by-id-work-web-addresses-list
workday-rest	direct_read	person people-by-id-work-web-addresses-get
workday-rest	direct_read	person values-common-phone-country-phone-codes-list
workday-rest	direct_read	person values-common-phone-phone-device-types-list
workday-rest	direct_read	person values-country-components-country-list
workday-rest	direct_read	person values-country-components-country-city-list
workday-rest	direct_read	person values-country-components-country-region-list
workday-rest	direct_read	person values-marital-status-active-martial-statuses-list
workday-rest	direct_read	person values-name-components-academic-list
workday-rest	direct_read	person values-name-components-hereditary-list
workday-rest	direct_read	person values-name-components-honorary-list
workday-rest	direct_read	person values-name-components-professional-list
workday-rest	direct_read	person values-name-components-religious-list
workday-rest	direct_read	person values-name-components-royal-list
workday-rest	direct_read	person values-name-components-salutation-list
workday-rest	direct_read	person values-name-components-social-list
workday-rest	direct_read	person values-name-components-title-list
workday-rest	direct_read	person values-personal-information-country-allowed-country-list
workday-rest	direct_read	person values-personal-information-country-populated-country-list
workday-rest	direct_read	person work-contact-information-changes-get
workday-rest	direct_read	person work-contact-information-changes-by-id-addresses-list
workday-rest	direct_read	person work-contact-information-changes-by-id-addresses-get
workday-rest	direct_read	person work-contact-information-changes-by-id-email-addresses-list
workday-rest	direct_read	person work-contact-information-changes-by-id-email-addresses-get
workday-rest	direct_read	person work-contact-information-changes-by-id-instant-messengers-list
workday-rest	direct_read	person work-contact-information-changes-by-id-instant-messengers-get
workday-rest	direct_read	person work-contact-information-changes-by-id-phone-numbers-list
workday-rest	direct_read	person work-contact-information-changes-by-id-phone-numbers-get
workday-rest	direct_read	person work-contact-information-changes-by-id-web-addresses-list
workday-rest	direct_read	person work-contact-information-changes-by-id-web-addresses-get
workday-rest	direct_read	privacy activity-logging-list
workday-rest	direct_read	procurement purchase-orders-list
workday-rest	direct_read	procurement purchase-orders-get
workday-rest	direct_read	procurement requisition-templates-list
workday-rest	direct_read	procurement requisition-templates-get
workday-rest	direct_read	procurement requisitions-list
workday-rest	direct_read	procurement requisitions-get
workday-rest	direct_read	procurement requisitions-by-id-attachments-list
workday-rest	binary_download	procurement requisitions-by-id-attachments-list-download
workday-rest	direct_read	procurement requisitions-by-id-attachments-get
workday-rest	binary_download	procurement requisitions-by-id-attachments-get-download
workday-rest	direct_read	procurement requisitions-by-id-related-purchase-orders-list
workday-rest	direct_read	procurement requisitions-by-id-related-purchase-orders-get
workday-rest	direct_read	procurement requisitions-by-id-requisition-lines-list
workday-rest	direct_read	procurement requisitions-by-id-requisition-lines-get
workday-rest	direct_read	procurement values-requisitions-group-commodity-codes-list
workday-rest	direct_read	procurement values-requisitions-group-companies-list
workday-rest	direct_read	procurement values-requisitions-group-currencies-list
workday-rest	direct_read	procurement values-requisitions-group-deliver-to-location-list
workday-rest	direct_read	procurement values-requisitions-group-inventory-site-list
workday-rest	direct_read	procurement values-requisitions-group-line-company-list
workday-rest	direct_read	procurement values-requisitions-group-order-from-connection-list
workday-rest	direct_read	procurement values-requisitions-group-par-location-list
workday-rest	direct_read	procurement values-requisitions-group-requesters-list
workday-rest	direct_read	procurement values-requisitions-group-requesting-entity-list
workday-rest	direct_read	procurement values-requisitions-group-requisition-types-list
workday-rest	direct_read	procurement values-requisitions-group-resolved-worktags-list
workday-rest	direct_read	procurement values-requisitions-group-resource-provider-list
workday-rest	direct_read	procurement values-requisitions-group-ship-to-address-list
workday-rest	direct_read	procurement values-requisitions-group-sourcing-buyer-list
workday-rest	direct_read	procurement values-requisitions-group-spend-category-list
workday-rest	direct_read	procurement values-requisitions-group-supplier-contract-list
workday-rest	direct_read	procurement values-requisitions-group-unit-of-measure-list
workday-rest	direct_read	procurement values-requisitions-group-worktags-list
workday-rest	direct_read	projects ad-hoc-project-time-transactions-list
workday-rest	direct_read	projects ad-hoc-project-time-transactions-get
workday-rest	direct_read	projects plan-phases-list
workday-rest	direct_read	projects plan-phases-get
workday-rest	direct_read	projects plan-tasks-list
workday-rest	direct_read	projects plan-tasks-get
workday-rest	direct_read	projects projects-list
workday-rest	direct_read	projects projects-get
workday-rest	direct_read	projects resource-forecast-lines-list
workday-rest	direct_read	projects resource-forecast-lines-get
workday-rest	direct_read	projects resource-forecast-lines-by-id-allocations-list
workday-rest	direct_read	projects resource-forecast-lines-by-id-allocations-get
workday-rest	direct_read	projects resource-plan-lines-list
workday-rest	direct_read	projects resource-plan-lines-get
workday-rest	direct_read	projects task-resources-list
workday-rest	direct_read	projects task-resources-get
workday-rest	direct_read	projects values-common-companies-list
workday-rest	direct_read	projects values-common-currencies-list
workday-rest	direct_read	projects values-common-customers-list
workday-rest	direct_read	projects values-common-groups-list
workday-rest	direct_read	projects values-common-hierarchies-list
workday-rest	direct_read	projects values-common-importance-ratings-list
workday-rest	direct_read	projects values-common-optional-hierarchies-list
workday-rest	direct_read	projects values-common-owners-list
workday-rest	direct_read	projects values-common-priorities-list
workday-rest	direct_read	projects values-common-project-dependencies-list
workday-rest	direct_read	projects values-common-project-states-list
workday-rest	direct_read	projects values-common-projects-list
workday-rest	direct_read	projects values-common-risk-levels-list
workday-rest	direct_read	projects values-common-statuses-list
workday-rest	direct_read	projects values-common-success-ratings-list
workday-rest	direct_read	projects values-common-worktag-types-list
workday-rest	direct_read	projects values-common-worktags-list
workday-rest	direct_read	projects values-project-plan-project-phases-list
workday-rest	direct_read	projects values-project-plan-project-plan-phases-list
workday-rest	direct_read	projects values-project-plan-project-plan-tasks-list
workday-rest	direct_read	projects values-project-plan-project-tasks-list
workday-rest	direct_read	projects values-resource-plan-booking-status-list
workday-rest	direct_read	projects values-resource-plan-cost-rate-currencies-list
workday-rest	direct_read	projects values-resource-plan-requirement-types-list
workday-rest	direct_read	projects values-resource-plan-requirements-list
workday-rest	direct_read	projects values-resource-plan-resource-types-list
workday-rest	direct_read	projects values-resource-plan-role-categories-list
workday-rest	direct_read	projects values-resource-plan-roles-list
workday-rest	direct_read	projects values-resource-plan-unnamed-resources-list
workday-rest	direct_read	projects values-resource-plan-worker-groups-list
workday-rest	direct_read	projects values-resource-plan-worker-to-replace-unnamed-resources-list
workday-rest	direct_read	projects values-resource-plan-workers-list
workday-rest	direct_read	recruiting interviews-list
workday-rest	direct_read	recruiting interviews-get
workday-rest	direct_read	recruiting interviews-by-id-feedback-list
workday-rest	direct_read	recruiting interviews-by-id-feedback-get
workday-rest	direct_read	recruiting job-postings-list
workday-rest	direct_read	recruiting job-postings-get
workday-rest	direct_read	recruiting job-postings-by-id-candidate-availability-template-list
workday-rest	direct_read	recruiting job-postings-by-id-candidate-availability-template-get
workday-rest	direct_read	recruiting job-postings-by-id-questionnaire-list
workday-rest	direct_read	recruiting job-postings-by-id-questionnaire-get
workday-rest	direct_read	recruiting prospects-get
workday-rest	direct_read	recruiting prospects-by-id-educations-list
workday-rest	direct_read	recruiting prospects-by-id-educations-get
workday-rest	direct_read	recruiting prospects-by-id-experiences-list
workday-rest	direct_read	recruiting prospects-by-id-experiences-get
workday-rest	direct_read	recruiting prospects-by-id-languages-list
workday-rest	direct_read	recruiting prospects-by-id-languages-get
workday-rest	direct_read	recruiting prospects-by-id-resume-attachments-list
workday-rest	direct_read	recruiting prospects-by-id-resume-attachments-get
workday-rest	direct_read	recruiting prospects-by-id-skills-list
workday-rest	direct_read	recruiting prospects-by-id-skills-get
workday-rest	direct_read	recruiting values-common-countries-list
workday-rest	direct_read	request requests-list
workday-rest	direct_read	request requests-get
workday-rest	direct_read	request types-list
workday-rest	direct_read	request types-get
workday-rest	direct_read	revenue billable-transactions-list
workday-rest	direct_read	revenue billable-transactions-get
workday-rest	direct_read	revenue billable-transactions-by-id-billing-rate-application-list
workday-rest	direct_read	revenue billable-transactions-by-id-billing-rate-application-get
workday-rest	direct_read	staffing job-changes-get
workday-rest	direct_read	staffing job-changes-by-id-administrative-list
workday-rest	direct_read	staffing job-changes-by-id-administrative-get
workday-rest	direct_read	staffing job-changes-by-id-business-title-list
workday-rest	direct_read	staffing job-changes-by-id-business-title-get
workday-rest	direct_read	staffing job-changes-by-id-comment-list
workday-rest	direct_read	staffing job-changes-by-id-comment-get
workday-rest	direct_read	staffing job-changes-by-id-contract-list
workday-rest	direct_read	staffing job-changes-by-id-contract-get
workday-rest	direct_read	staffing job-changes-by-id-job-classification-list
workday-rest	direct_read	staffing job-changes-by-id-job-classification-get
workday-rest	direct_read	staffing job-changes-by-id-job-profile-list
workday-rest	direct_read	staffing job-changes-by-id-job-profile-get
workday-rest	direct_read	staffing job-changes-by-id-location-list
workday-rest	direct_read	staffing job-changes-by-id-location-get
workday-rest	direct_read	staffing job-changes-by-id-move-team-list
workday-rest	direct_read	staffing job-changes-by-id-move-team-get
workday-rest	direct_read	staffing job-changes-by-id-opening-list
workday-rest	direct_read	staffing job-changes-by-id-opening-get
workday-rest	direct_read	staffing job-changes-by-id-position-list
workday-rest	direct_read	staffing job-changes-by-id-position-get
workday-rest	direct_read	staffing job-changes-by-id-start-details-list
workday-rest	direct_read	staffing job-changes-by-id-start-details-get
workday-rest	direct_read	staffing job-families-list
workday-rest	direct_read	staffing job-families-get
workday-rest	direct_read	staffing job-profiles-list
workday-rest	direct_read	staffing job-profiles-get
workday-rest	direct_read	staffing jobs-list
workday-rest	direct_read	staffing jobs-get
workday-rest	direct_read	staffing jobs-by-id-workspace-list
workday-rest	direct_read	staffing jobs-by-id-workspace-get
workday-rest	direct_read	staffing organization-assignment-changes-get
workday-rest	direct_read	staffing organization-assignment-changes-by-id-business-unit-list
workday-rest	direct_read	staffing organization-assignment-changes-by-id-business-unit-get
workday-rest	direct_read	staffing organization-assignment-changes-by-id-comment-list
workday-rest	direct_read	staffing organization-assignment-changes-by-id-comment-get
workday-rest	direct_read	staffing organization-assignment-changes-by-id-company-list
workday-rest	direct_read	staffing organization-assignment-changes-by-id-company-get
workday-rest	direct_read	staffing organization-assignment-changes-by-id-cost-center-list
workday-rest	direct_read	staffing organization-assignment-changes-by-id-cost-center-get
workday-rest	direct_read	staffing organization-assignment-changes-by-id-costing-list
workday-rest	direct_read	staffing organization-assignment-changes-by-id-costing-get
workday-rest	direct_read	staffing organization-assignment-changes-by-id-custom-organizations-list
workday-rest	direct_read	staffing organization-assignment-changes-by-id-custom-organizations-get
workday-rest	direct_read	staffing organization-assignment-changes-by-id-region-list
workday-rest	direct_read	staffing organization-assignment-changes-by-id-region-get
workday-rest	direct_read	staffing organization-assignment-changes-by-id-start-details-list
workday-rest	direct_read	staffing organization-assignment-changes-by-id-start-details-get
workday-rest	direct_read	staffing supervisory-organizations-list
workday-rest	direct_read	staffing supervisory-organizations-get
workday-rest	direct_read	staffing supervisory-organizations-by-id-members-list
workday-rest	direct_read	staffing supervisory-organizations-by-id-members-get
workday-rest	direct_read	staffing supervisory-organizations-by-id-org-chart-list
workday-rest	direct_read	staffing supervisory-organizations-by-id-org-chart-get
workday-rest	direct_read	staffing values-job-changes-group-assignment-types-list
workday-rest	direct_read	staffing values-job-changes-group-company-insider-types-list
workday-rest	direct_read	staffing values-job-changes-group-contingent-worker-types-list
workday-rest	direct_read	staffing values-job-changes-group-currencies-list
workday-rest	direct_read	staffing values-job-changes-group-employee-types-list
workday-rest	direct_read	staffing values-job-changes-group-frequencies-list
workday-rest	direct_read	staffing values-job-changes-group-headcount-options-list
workday-rest	direct_read	staffing values-job-changes-group-job-classifications-list
workday-rest	direct_read	staffing values-job-changes-group-job-profiles-list
workday-rest	direct_read	staffing values-job-changes-group-job-requisitions-list
workday-rest	direct_read	staffing values-job-changes-group-jobs-list
workday-rest	direct_read	staffing values-job-changes-group-locations-list
workday-rest	direct_read	staffing values-job-changes-group-pay-rate-types-list
workday-rest	direct_read	staffing values-job-changes-group-proposed-position-list
workday-rest	direct_read	staffing values-job-changes-group-reason-list
workday-rest	direct_read	staffing values-job-changes-group-supervisory-organization-list
workday-rest	direct_read	staffing values-job-changes-group-templates-list
workday-rest	direct_read	staffing values-job-changes-group-time-types-list
workday-rest	direct_read	staffing values-job-changes-group-work-shifts-list
workday-rest	direct_read	staffing values-job-changes-group-work-spaces-list
workday-rest	direct_read	staffing values-job-changes-group-work-study-awards-list
workday-rest	direct_read	staffing values-job-changes-group-worker-types-list
workday-rest	direct_read	staffing values-job-changes-group-workers-list
workday-rest	direct_read	staffing values-job-changes-group-workers-compensation-code-overrides-list
workday-rest	direct_read	staffing values-organization-assignment-changes-group-business-units-list
workday-rest	direct_read	staffing values-organization-assignment-changes-group-companies-list
workday-rest	direct_read	staffing values-organization-assignment-changes-group-cost-centers-list
workday-rest	direct_read	staffing values-organization-assignment-changes-group-customs-list
workday-rest	direct_read	staffing values-organization-assignment-changes-group-funds-list
workday-rest	direct_read	staffing values-organization-assignment-changes-group-gifts-list
workday-rest	direct_read	staffing values-organization-assignment-changes-group-grants-list
workday-rest	direct_read	staffing values-organization-assignment-changes-group-jobs-list
workday-rest	direct_read	staffing values-organization-assignment-changes-group-positions-list
workday-rest	direct_read	staffing values-organization-assignment-changes-group-programs-list
workday-rest	direct_read	staffing values-organization-assignment-changes-group-regions-list
workday-rest	direct_read	staffing values-organization-assignment-changes-group-workers-list
workday-rest	direct_read	staffing workers-list
workday-rest	direct_read	staffing workers-get
workday-rest	direct_read	staffing workers-by-id-check-in-topics-list
workday-rest	direct_read	staffing workers-by-id-check-in-topics-get
workday-rest	direct_read	staffing workers-by-id-check-ins-list
workday-rest	direct_read	staffing workers-by-id-check-ins-get
workday-rest	direct_read	staffing workers-by-id-explicit-skills-list
workday-rest	direct_read	staffing workers-by-id-explicit-skills-get
workday-rest	direct_read	staffing workers-by-id-external-skill-level-list
workday-rest	direct_read	staffing workers-by-id-external-skill-level-get
workday-rest	direct_read	staffing workers-by-id-home-contact-information-changes-get
workday-rest	direct_read	staffing workers-by-id-service-dates-list
workday-rest	direct_read	staffing workers-by-id-service-dates-get
workday-rest	direct_read	staffing workers-by-id-skill-items-list
workday-rest	direct_read	staffing workers-by-id-skill-items-get
workday-rest	direct_read	staffing workers-by-id-work-contact-information-changes-get
workday-rest	direct_read	student-academic-foundation academic-calendars-list
workday-rest	direct_read	student-academic-foundation academic-calendars-get
workday-rest	direct_read	student-academic-foundation academic-calendars-by-id-academic-years-list
workday-rest	direct_read	student-academic-foundation academic-calendars-by-id-academic-years-get
workday-rest	direct_read	student-academic-foundation academic-levels-list
workday-rest	direct_read	student-academic-foundation academic-levels-get
workday-rest	direct_read	student-academic-foundation academic-periods-list
workday-rest	direct_read	student-academic-foundation academic-periods-get
workday-rest	direct_read	student-academic-foundation academic-units-list
workday-rest	direct_read	student-academic-foundation academic-units-get
workday-rest	direct_read	student-academic-foundation educational-credentials-list
workday-rest	direct_read	student-academic-foundation educational-credentials-get
workday-rest	direct_read	student-academic-foundation programs-of-study-list
workday-rest	direct_read	student-academic-foundation programs-of-study-get
workday-rest	direct_read	student-advising values-hypothetical-academic-progress-academic-record-list
workday-rest	direct_read	student-advising values-hypothetical-academic-progress-program-of-study-list
workday-rest	direct_read	student-advising values-hypothetical-academic-progress-student-list
workday-rest	direct_read	student-core holds-list
workday-rest	direct_read	student-core holds-get
workday-rest	direct_read	student-core immigration-events-list
workday-rest	direct_read	student-core immigration-events-get
workday-rest	direct_read	student-core immigration-events-by-id-dependent-immigration-data-list
workday-rest	direct_read	student-core immigration-events-by-id-dependent-immigration-data-get
workday-rest	direct_read	student-core immigration-events-by-id-immigration-data-list
workday-rest	direct_read	student-core immigration-events-by-id-immigration-data-get
workday-rest	direct_read	student-core immigration-events-by-id-immigration-pages-list
workday-rest	direct_read	student-core immigration-events-by-id-immigration-pages-get
workday-rest	direct_read	student-core students-list
workday-rest	direct_read	student-core students-get
workday-rest	direct_read	student-core students-by-id-apply-hold-events-list
workday-rest	direct_read	student-core students-by-id-apply-hold-events-get
workday-rest	direct_read	student-core students-by-id-immigration-events-list
workday-rest	direct_read	student-core students-by-id-immigration-events-get
workday-rest	direct_read	student-core students-by-id-residencies-list
workday-rest	direct_read	student-core students-by-id-residencies-get
workday-rest	direct_read	student-core values-holds-academic-periods-list
workday-rest	direct_read	student-core values-holds-academic-records-list
workday-rest	direct_read	student-core values-holds-award-items-list
workday-rest	direct_read	student-core values-holds-award-years-list
workday-rest	direct_read	student-core values-holds-institution-list
workday-rest	direct_read	student-core values-holds-reasons-list
workday-rest	direct_read	student-core values-holds-school-codes-list
workday-rest	direct_read	student-curriculum course-sections-list
workday-rest	direct_read	student-curriculum course-sections-get
workday-rest	direct_read	student-curriculum course-subjects-list
workday-rest	direct_read	student-curriculum course-subjects-get
workday-rest	direct_read	student-curriculum courses-list
workday-rest	direct_read	student-curriculum courses-get
workday-rest	direct_read	student-engagement students-list
workday-rest	direct_read	student-engagement students-get
workday-rest	direct_read	student-engagement students-by-id-holds-list
workday-rest	direct_read	student-engagement students-by-id-holds-get
workday-rest	direct_read	student-finance students-list
workday-rest	direct_read	student-finance students-get
workday-rest	direct_read	student-finance students-by-id-payments-list
workday-rest	direct_read	student-finance students-by-id-payments-get
workday-rest	direct_read	student-recruiting values-academic-requirement-evaluation-educational-institution-list
workday-rest	direct_read	student-recruiting values-academic-requirement-evaluation-external-course-list
workday-rest	direct_read	student-recruiting values-academic-requirement-evaluation-external-grading-scheme-list
workday-rest	direct_read	student-recruiting values-academic-requirement-evaluation-programs-of-study-list
workday-rest	direct_read	student-recruiting values-academic-requirement-evaluation-unit-type-list
workday-rest	direct_read	system-metrics active-tasks-list
workday-rest	direct_read	system-metrics active-tasks-get
workday-rest	direct_read	system-metrics active-user-sessions-list
workday-rest	direct_read	system-metrics active-user-sessions-get
workday-rest	direct_read	system-metrics system-metrics-overview-list
workday-rest	direct_read	system-metrics system-metrics-overview-get
workday-rest	direct_read	talent-management mentorships-list
workday-rest	direct_read	talent-management mentorships-get
workday-rest	direct_read	talent-management succession-plan-events-list
workday-rest	direct_read	talent-management succession-plan-events-get
workday-rest	direct_read	talent-management succession-plan-events-by-id-candidates-list
workday-rest	direct_read	talent-management succession-plan-events-by-id-candidates-get
workday-rest	direct_read	talent-management succession-plans-list
workday-rest	direct_read	talent-management succession-plans-get
workday-rest	direct_read	talent-management values-succession-plan-members-list
workday-rest	direct_read	talent-management values-succession-plan-readiness-list
workday-rest	direct_read	talent-management values-succession-plan-strategies-list
workday-rest	direct_read	time-tracking time-attestation-prompts-list
workday-rest	direct_read	time-tracking time-clock-events-list
workday-rest	direct_read	time-tracking time-clock-events-get
workday-rest	direct_read	time-tracking time-validations-list
workday-rest	direct_read	time-tracking values-enter-time-by-type-time-type-nested-list
workday-rest	direct_read	time-tracking values-time-types-default-time-entry-code-list
workday-rest	direct_read	time-tracking values-time-types-project-plan-tasks-list
workday-rest	direct_read	time-tracking values-time-types-projects-list
workday-rest	direct_read	time-tracking values-time-types-time-entry-codes-list
workday-rest	direct_read	time-tracking values-time-values-out-reason-list
workday-rest	direct_read	time-tracking values-time-values-positions-list
workday-rest	direct_read	time-tracking values-time-values-worker-time-zone-list
workday-rest	direct_read	time-tracking worker-time-attestation-get
workday-rest	direct_read	time-tracking worker-time-attestation-by-id-followup-time-attestation-prompt-list
workday-rest	direct_read	time-tracking worker-time-attestation-by-id-followup-worker-time-attestation-list
workday-rest	direct_read	time-tracking worker-time-blocks-list
workday-rest	direct_read	time-tracking worker-time-blocks-get
workday-rest	direct_read	time-tracking workers-list
workday-rest	direct_read	time-tracking workers-get
workday-rest	direct_read	time-tracking workers-by-id-period-list
workday-rest	direct_read	time-tracking workers-by-id-time-totals-list
workday-rest	direct_read	time-tracking workers-by-id-time-totals-get
workday-rest	direct_read	wql data-list
workday-rest	direct_read	wql data-sources-list
workday-rest	direct_read	wql data-sources-get
workday-rest	direct_read	wql data-sources-by-id-data-source-filters-list
workday-rest	direct_read	wql data-sources-by-id-data-source-filters-get
workday-rest	direct_read	wql data-sources-by-id-fields-list
workday-rest	direct_read	wql data-sources-by-id-fields-get
workday-rest	reverse_etl	absence-management create-workers-by-id-correct-time-off-entry
workday-rest	reverse_etl	absence-management create-workers-by-id-request-time-off
workday-rest	reverse_etl	accounts-payable create-send-supplier-invoice-attachments-for-scanning
workday-rest	reverse_etl	accounts-payable create-supplier-invoice-requests
workday-rest	reverse_etl	accounts-payable create-supplier-invoice-requests-by-id-attachments
workday-rest	reverse_etl	accounts-payable create-supplier-invoice-requests-by-id-submit
workday-rest	reverse_etl	common create-validate-worktags
workday-rest	reverse_etl	common create-workers-by-id-business-title-changes
workday-rest	reverse_etl	common create-workers-by-id-job-changes
workday-rest	reverse_etl	prism-analytics create-buckets
workday-rest	reverse_etl	prism-analytics replace-buckets
workday-rest	reverse_etl	prism-analytics create-buckets-by-id-complete
workday-rest	reverse_etl	prism-analytics create-buckets-by-id-files
workday-rest	reverse_etl	prism-analytics create-data-changes-by-data-change-id-activities
workday-rest	reverse_etl	prism-analytics create-data-changes-by-data-change-id-cancel
workday-rest	reverse_etl	prism-analytics create-file-containers
workday-rest	reverse_etl	prism-analytics create-file-containers-by-file-container-id-files
workday-rest	reverse_etl	prism-analytics create-tables
workday-rest	reverse_etl	prism-analytics update-tables
workday-rest	reverse_etl	prism-analytics replace-tables
workday-rest	reverse_etl	asor create-agent-definition
workday-rest	reverse_etl	benefit-partner create-programs
workday-rest	reverse_etl	budgets create-run-budget-check
workday-rest	reverse_etl	business-process create-event-steps-by-id-approve
workday-rest	reverse_etl	business-process create-event-steps-by-id-deny
workday-rest	reverse_etl	business-process create-event-steps-by-id-questionnaire
workday-rest	reverse_etl	business-process create-event-steps-by-id-reassign
workday-rest	reverse_etl	business-process create-event-steps-by-id-send-back
workday-rest	reverse_etl	business-process create-event-steps-by-id-to-do
workday-rest	reverse_etl	business-process create-events-by-id-cancel
workday-rest	reverse_etl	business-process create-events-by-id-rescind
workday-rest	reverse_etl	communications create-managed-recipient
workday-rest	reverse_etl	compensation create-scorecard-results
workday-rest	reverse_etl	compensation delete-scorecard-results
workday-rest	reverse_etl	compensation update-scorecard-results-by-id-scores
workday-rest	reverse_etl	compensation create-scorecards
workday-rest	reverse_etl	compensation delete-scorecards
workday-rest	reverse_etl	compensation replace-scorecards
workday-rest	reverse_etl	compensation create-workers-by-id-request-one-time-payment
workday-rest	reverse_etl	connect create-message-templates
workday-rest	reverse_etl	connect update-message-templates
workday-rest	reverse_etl	connect replace-message-templates
workday-rest	reverse_etl	connect create-send-message
workday-rest	reverse_etl	custom-object create-custom-objects
workday-rest	reverse_etl	custom-object delete-custom-objects-by-custom-object-alias
workday-rest	reverse_etl	custom-object replace-custom-objects-by-custom-object-alias
workday-rest	reverse_etl	custom-object-definition create-definitions
workday-rest	reverse_etl	custom-object-definition delete-definitions
workday-rest	reverse_etl	custom-object-definition replace-definitions
workday-rest	reverse_etl	custom-object-definition create-definitions-by-id-activate
workday-rest	reverse_etl	custom-object-definition create-definitions-by-id-condition-rules
workday-rest	reverse_etl	custom-object-definition delete-definitions-by-id-condition-rules
workday-rest	reverse_etl	custom-object-definition replace-definitions-by-id-condition-rules
workday-rest	reverse_etl	custom-object-definition create-definitions-by-id-fields
workday-rest	reverse_etl	custom-object-definition delete-definitions-by-id-fields
workday-rest	reverse_etl	custom-object-definition replace-definitions-by-id-fields
workday-rest	reverse_etl	custom-object-definition create-definitions-by-id-validations
workday-rest	reverse_etl	custom-object-definition delete-definitions-by-id-validations
workday-rest	reverse_etl	custom-object-definition replace-definitions-by-id-validations
workday-rest	reverse_etl	custom-object-definition create-field-types
workday-rest	reverse_etl	custom-object-definition replace-field-types
workday-rest	reverse_etl	custom-object-definition create-field-types-by-id-list-values
workday-rest	reverse_etl	custom-object-definition replace-field-types-by-id-list-values
workday-rest	reverse_etl	customer-accounts create-payments
workday-rest	reverse_etl	customer-accounts create-payments-by-id-remittance-details
workday-rest	reverse_etl	expense create-entries
workday-rest	reverse_etl	expense delete-entries
workday-rest	reverse_etl	expense update-entries
workday-rest	reverse_etl	expense replace-entries
workday-rest	reverse_etl	expense create-entries-by-id-attachments
workday-rest	reverse_etl	expense create-reports
workday-rest	reverse_etl	expense create-reports-by-id-lines
workday-rest	reverse_etl	expense create-reports-by-id-submit
workday-rest	reverse_etl	fin-tax-public create-electronic-reporting-runs
workday-rest	direct_read	global-payroll read-authorizations
workday-rest	reverse_etl	global-payroll create-effective-changes
workday-rest	reverse_etl	global-payroll create-event-driven-integration-vendor-response
workday-rest	reverse_etl	global-payroll create-notifications
workday-rest	reverse_etl	global-payroll update-pay-groups-by-id-periods
workday-rest	reverse_etl	help-article update-article-versions-by-id-approval-decision
workday-rest	reverse_etl	help-article create-article-versions-by-id-approval-request
workday-rest	reverse_etl	help-article update-article-versions-by-id-approval-request
workday-rest	reverse_etl	help-article create-article-versions-by-id-article-effective-date
workday-rest	reverse_etl	help-article delete-article-versions-by-id-article-effective-date
workday-rest	reverse_etl	help-case create-attachments
workday-rest	reverse_etl	help-case create-cases
workday-rest	reverse_etl	help-case update-cases
workday-rest	reverse_etl	help-case create-cases-by-id-comment
workday-rest	reverse_etl	help-case create-cases-by-id-internal-note-timeline
workday-rest	reverse_etl	help-case delete-cases-by-id-internal-note-timeline
workday-rest	reverse_etl	help-case update-cases-by-id-internal-note-timeline
workday-rest	reverse_etl	help-case create-cases-by-id-reopen
workday-rest	reverse_etl	help-case create-external-creators
workday-rest	reverse_etl	help-case create-external-records
workday-rest	reverse_etl	help-case replace-external-records
workday-rest	reverse_etl	journeys create-distribution-requests
workday-rest	reverse_etl	learning update-enrollments
workday-rest	reverse_etl	learning create-enrollments-by-id-lesson-trackings
workday-rest	reverse_etl	learning update-enrollments-by-id-lesson-trackings
workday-rest	reverse_etl	learning create-manage-digital-courses
workday-rest	reverse_etl	learning create-manage-enrollments
workday-rest	reverse_etl	payroll create-payroll-inputs
workday-rest	reverse_etl	payroll delete-payroll-inputs
workday-rest	reverse_etl	payroll update-payroll-inputs
workday-rest	reverse_etl	payroll create-tax-rates
workday-rest	reverse_etl	performance-enablement create-cascaded-goal-event
workday-rest	reverse_etl	performance-enablement update-give-requested-feedback-events
workday-rest	reverse_etl	performance-enablement create-my-performance-reviews
workday-rest	reverse_etl	performance-enablement create-organization-goals
workday-rest	reverse_etl	performance-enablement update-organization-goals
workday-rest	reverse_etl	performance-enablement create-worker-goal-events
workday-rest	reverse_etl	performance-enablement create-worker-goal-events-by-id-goals
workday-rest	reverse_etl	performance-enablement create-worker-goal-events-by-id-submit
workday-rest	reverse_etl	performance-enablement create-workers-by-id-anytime-feedback-events
workday-rest	reverse_etl	performance-enablement update-workers-by-id-development-items
workday-rest	reverse_etl	performance-enablement create-workers-by-id-requested-feedback-on-self-events
workday-rest	reverse_etl	performance-enablement create-workers-by-id-requested-feedback-on-worker-events
workday-rest	reverse_etl	person create-home-contact-information-changes-by-id-addresses
workday-rest	reverse_etl	person delete-home-contact-information-changes-by-id-addresses
workday-rest	reverse_etl	person replace-home-contact-information-changes-by-id-addresses
workday-rest	reverse_etl	person create-home-contact-information-changes-by-id-email-addresses
workday-rest	reverse_etl	person delete-home-contact-information-changes-by-id-email-addresses
workday-rest	reverse_etl	person update-home-contact-information-changes-by-id-email-addresses
workday-rest	reverse_etl	person create-home-contact-information-changes-by-id-instant-messengers
workday-rest	reverse_etl	person delete-home-contact-information-changes-by-id-instant-messengers
workday-rest	reverse_etl	person update-home-contact-information-changes-by-id-instant-messengers
workday-rest	reverse_etl	person create-home-contact-information-changes-by-id-phone-numbers
workday-rest	reverse_etl	person delete-home-contact-information-changes-by-id-phone-numbers
workday-rest	reverse_etl	person update-home-contact-information-changes-by-id-phone-numbers
workday-rest	reverse_etl	person create-home-contact-information-changes-by-id-submit
workday-rest	reverse_etl	person create-home-contact-information-changes-by-id-web-addresses
workday-rest	reverse_etl	person delete-home-contact-information-changes-by-id-web-addresses
workday-rest	reverse_etl	person update-home-contact-information-changes-by-id-web-addresses
workday-rest	direct_read	person read-phone-validation
workday-rest	reverse_etl	person update-work-contact-information-changes
workday-rest	reverse_etl	person create-work-contact-information-changes-by-id-addresses
workday-rest	reverse_etl	person delete-work-contact-information-changes-by-id-addresses
workday-rest	reverse_etl	person replace-work-contact-information-changes-by-id-addresses
workday-rest	reverse_etl	person create-work-contact-information-changes-by-id-email-addresses
workday-rest	reverse_etl	person delete-work-contact-information-changes-by-id-email-addresses
workday-rest	reverse_etl	person update-work-contact-information-changes-by-id-email-addresses
workday-rest	reverse_etl	person create-work-contact-information-changes-by-id-instant-messengers
workday-rest	reverse_etl	person delete-work-contact-information-changes-by-id-instant-messengers
workday-rest	reverse_etl	person update-work-contact-information-changes-by-id-instant-messengers
workday-rest	reverse_etl	person create-work-contact-information-changes-by-id-phone-numbers
workday-rest	reverse_etl	person delete-work-contact-information-changes-by-id-phone-numbers
workday-rest	reverse_etl	person update-work-contact-information-changes-by-id-phone-numbers
workday-rest	reverse_etl	person create-work-contact-information-changes-by-id-submit
workday-rest	reverse_etl	person create-work-contact-information-changes-by-id-web-addresses
workday-rest	reverse_etl	person delete-work-contact-information-changes-by-id-web-addresses
workday-rest	reverse_etl	person update-work-contact-information-changes-by-id-web-addresses
workday-rest	reverse_etl	procurement create-requisitions
workday-rest	reverse_etl	procurement update-requisitions
workday-rest	reverse_etl	procurement create-requisitions-by-id-attachments
workday-rest	reverse_etl	procurement delete-requisitions-by-id-attachments
workday-rest	reverse_etl	procurement update-requisitions-by-id-attachments
workday-rest	reverse_etl	procurement create-requisitions-by-id-cancel
workday-rest	reverse_etl	procurement create-requisitions-by-id-close
workday-rest	reverse_etl	procurement create-requisitions-by-id-requisition-events
workday-rest	reverse_etl	procurement create-requisitions-by-id-requisition-lines
workday-rest	reverse_etl	procurement delete-requisitions-by-id-requisition-lines
workday-rest	reverse_etl	procurement update-requisitions-by-id-requisition-lines
workday-rest	reverse_etl	projects create-ad-hoc-project-time-transactions
workday-rest	reverse_etl	projects create-plan-phases
workday-rest	reverse_etl	projects delete-plan-phases
workday-rest	reverse_etl	projects update-plan-phases
workday-rest	reverse_etl	projects create-plan-tasks
workday-rest	reverse_etl	projects delete-plan-tasks
workday-rest	reverse_etl	projects update-plan-tasks
workday-rest	reverse_etl	projects create-projects
workday-rest	reverse_etl	projects create-projects-by-id-edit
workday-rest	reverse_etl	projects create-resource-forecast-lines-by-id-allocations
workday-rest	reverse_etl	projects update-resource-forecast-lines-by-id-allocations
workday-rest	reverse_etl	projects create-resource-plan-lines
workday-rest	reverse_etl	projects create-resource-plan-lines-by-id-edit
workday-rest	reverse_etl	projects create-task-resources
workday-rest	reverse_etl	projects delete-task-resources
workday-rest	reverse_etl	projects update-task-resources
workday-rest	reverse_etl	recruiting create-interviews-by-id-feedback
workday-rest	reverse_etl	recruiting create-prospects
workday-rest	reverse_etl	recruiting create-prospects-by-id-educations
workday-rest	reverse_etl	recruiting create-prospects-by-id-experiences
workday-rest	reverse_etl	recruiting create-prospects-by-id-languages
workday-rest	reverse_etl	recruiting create-prospects-by-id-resume-attachments
workday-rest	reverse_etl	recruiting create-prospects-by-id-skills
workday-rest	reverse_etl	request create-requests
workday-rest	reverse_etl	request create-requests-by-id-close
workday-rest	reverse_etl	revenue update-billable-transactions
workday-rest	direct_read	skill read-ml-skills
workday-rest	reverse_etl	staffing update-job-changes-by-id-administrative
workday-rest	reverse_etl	staffing update-job-changes-by-id-business-title
workday-rest	reverse_etl	staffing update-job-changes-by-id-comment
workday-rest	reverse_etl	staffing update-job-changes-by-id-contract
workday-rest	reverse_etl	staffing update-job-changes-by-id-job-classification
workday-rest	reverse_etl	staffing update-job-changes-by-id-job-profile
workday-rest	reverse_etl	staffing update-job-changes-by-id-location
workday-rest	reverse_etl	staffing update-job-changes-by-id-move-team
workday-rest	reverse_etl	staffing update-job-changes-by-id-opening
workday-rest	reverse_etl	staffing update-job-changes-by-id-position
workday-rest	reverse_etl	staffing update-job-changes-by-id-start-details
workday-rest	reverse_etl	staffing create-job-changes-by-id-submit
workday-rest	reverse_etl	staffing create-organization-assignment-changes
workday-rest	reverse_etl	staffing update-organization-assignment-changes-by-id-business-unit
workday-rest	reverse_etl	staffing update-organization-assignment-changes-by-id-comment
workday-rest	reverse_etl	staffing update-organization-assignment-changes-by-id-company
workday-rest	reverse_etl	staffing update-organization-assignment-changes-by-id-cost-center
workday-rest	reverse_etl	staffing update-organization-assignment-changes-by-id-costing
workday-rest	reverse_etl	staffing update-organization-assignment-changes-by-id-custom-organizations
workday-rest	reverse_etl	staffing update-organization-assignment-changes-by-id-region
workday-rest	reverse_etl	staffing update-organization-assignment-changes-by-id-start-details
workday-rest	reverse_etl	staffing create-organization-assignment-changes-by-id-submit
workday-rest	reverse_etl	staffing create-workers-by-id-check-in-topics
workday-rest	reverse_etl	staffing delete-workers-by-id-check-in-topics
workday-rest	reverse_etl	staffing update-workers-by-id-check-in-topics
workday-rest	reverse_etl	staffing create-workers-by-id-check-ins
workday-rest	reverse_etl	staffing delete-workers-by-id-check-ins
workday-rest	reverse_etl	staffing update-workers-by-id-check-ins
workday-rest	reverse_etl	staffing create-workers-by-id-explicit-skills
workday-rest	reverse_etl	staffing create-workers-by-id-external-skill-level
workday-rest	reverse_etl	staffing replace-workers-by-id-external-skill-level
workday-rest	reverse_etl	staffing create-workers-by-id-home-contact-information-changes
workday-rest	reverse_etl	staffing create-workers-by-id-job-changes
workday-rest	reverse_etl	staffing create-workers-by-id-organization-assignment-changes
workday-rest	reverse_etl	staffing create-workers-by-id-skill-items
workday-rest	reverse_etl	staffing create-workers-by-id-work-contact-information-changes
workday-rest	direct_read	student-advising read-hypothetical-academic-progress
workday-rest	reverse_etl	student-core create-holds-by-id-override-hold
workday-rest	reverse_etl	student-core create-holds-by-id-remove-hold
workday-rest	reverse_etl	student-core create-holds-by-id-update-hold
workday-rest	reverse_etl	student-core create-immigration-events-by-id-dependent-immigration-data
workday-rest	reverse_etl	student-core delete-immigration-events-by-id-dependent-immigration-data
workday-rest	reverse_etl	student-core replace-immigration-events-by-id-dependent-immigration-data
workday-rest	reverse_etl	student-core create-immigration-events-by-id-immigration-data
workday-rest	reverse_etl	student-core replace-immigration-events-by-id-immigration-data
workday-rest	reverse_etl	student-core create-immigration-events-by-id-submit
workday-rest	reverse_etl	student-core create-students-by-id-apply-hold
workday-rest	reverse_etl	student-finance create-students-by-id-payments
workday-rest	reverse_etl	student-finance update-students-by-id-payments
workday-rest	direct_read	student-recruiting read-academic-requirement-evaluation
workday-rest	reverse_etl	talent-management create-create-mentorship-for-me
workday-rest	reverse_etl	talent-management create-create-mentorship-for-worker
workday-rest	reverse_etl	talent-management create-mentorships-by-id-close
workday-rest	reverse_etl	talent-management create-mentorships-by-id-edit
workday-rest	reverse_etl	talent-management create-succession-plan-events
workday-rest	reverse_etl	talent-management create-succession-plan-events-by-id-candidates
workday-rest	reverse_etl	talent-management delete-succession-plan-events-by-id-candidates
workday-rest	reverse_etl	talent-management update-succession-plan-events-by-id-candidates
workday-rest	reverse_etl	talent-management create-succession-plan-events-by-id-submit
workday-rest	reverse_etl	talent-management create-succession-plans
workday-rest	reverse_etl	time-tracking create-time-clock-events
workday-rest	reverse_etl	time-tracking delete-time-clock-events
workday-rest	reverse_etl	time-tracking replace-time-clock-events
workday-rest	reverse_etl	time-tracking create-worker-time-attestation
workday-rest	reverse_etl	time-tracking create-workers-by-id-time-review-events
workday-rest	reverse_etl	time-tracking create-workers-by-id-worker-time-block
workday-rest	reverse_etl	time-tracking delete-workers-by-id-worker-time-block
workday-rest	reverse_etl	time-tracking update-workers-by-id-worker-time-block
workday-rest	direct_read	worktag read-validate-worktags
workday-rest	direct_read	wql read-data
xero	etl	streams invoices
xero	etl	streams contacts
xero	etl	streams accounts
xero	etl	streams bank_transactions
xero	etl	streams items
xero	etl	streams payments
xero	etl	streams account
xero	etl	streams account_attachments
xero	etl	streams bank_transaction
xero	etl	streams bank_transaction_attachments
xero	etl	streams bank_transactions_history
xero	etl	streams bank_transfer
xero	direct_read	reports ten_ninety_nine
xero	direct_read	reports aged_payables_by_contact
xero	direct_read	reports aged_receivables_by_contact
xero	direct_read	reports balance_sheet
xero	direct_read	reports bank_summary
xero	direct_read	reports get
xero	direct_read	reports budget_summary
xero	direct_read	reports executive_summary
xero	direct_read	reports list
xero	direct_read	reports profit_and_loss
xero	direct_read	reports trial_balance
youtube-analytics	etl	jobs list
youtube-analytics	etl	jobs get
youtube-analytics	reverse_etl	jobs create
youtube-analytics	reverse_etl	jobs delete
youtube-analytics	etl	report-types list
youtube-analytics	etl	reports list
youtube-analytics	etl	reports get
youtube-analytics	binary_download	reports download
youtube-analytics	etl	groups list
youtube-analytics	reverse_etl	groups create
youtube-analytics	reverse_etl	groups update
youtube-analytics	reverse_etl	groups delete
youtube-analytics	etl	group-items list
youtube-analytics	reverse_etl	group-items create
youtube-analytics	reverse_etl	group-items delete
zendesk-support	etl	streams account_attributes list
zendesk-support	etl	streams articles list
zendesk-support	etl	streams attribute_definitions list
zendesk-support	etl	streams automations list
zendesk-support	etl	streams brands list
zendesk-support	etl	streams categories list
zendesk-support	etl	streams custom_roles list
zendesk-support	etl	streams deleted_tickets list
zendesk-support	etl	streams group_memberships list
zendesk-support	etl	streams groups list
zendesk-support	etl	streams macros list
zendesk-support	etl	streams organization_fields list
zendesk-support	etl	streams organization_memberships list
zendesk-support	etl	streams organizations list
zendesk-support	etl	streams posts list
zendesk-support	etl	streams satisfaction_ratings list
zendesk-support	etl	streams schedules list
zendesk-support	etl	streams sections list
zendesk-support	etl	streams sla_policies list
zendesk-support	etl	streams tags list
zendesk-support	etl	streams ticket_activities list
zendesk-support	etl	streams ticket_audits list
zendesk-support	etl	streams ticket_events list
zendesk-support	etl	streams ticket_fields list
zendesk-support	etl	streams ticket_forms list
zendesk-support	etl	streams ticket_metric_events list
zendesk-support	etl	streams ticket_skips list
zendesk-support	etl	streams tickets list
zendesk-support	etl	streams topics list
zendesk-support	etl	streams triggers list
zendesk-support	etl	streams user_fields list
zendesk-support	etl	streams users list
zendesk-support	etl	streams views list
zendesk-support	reverse_etl	operations update_account_email_settings
zendesk-support	reverse_etl	operations create_approval_request
zendesk-support	reverse_etl	operations update_attachment
zendesk-support	reverse_etl	operations create_bookmark
zendesk-support	reverse_etl	operations create_brand
zendesk-support	reverse_etl	operations update_brand
zendesk-support	reverse_etl	operations create_ticket_or_voicemail_ticket
zendesk-support	reverse_etl	operations create_custom_object
zendesk-support	reverse_etl	operations create_access_rule
zendesk-support	reverse_etl	operations update_access_rule
zendesk-support	reverse_etl	operations create_custom_object_field
zendesk-support	reverse_etl	operations custom_object_record_bulk_jobs
zendesk-support	reverse_etl	operations update_permission_policy
zendesk-support	reverse_etl	operations create_custom_object_record
zendesk-support	reverse_etl	operations upsert_custom_object_record_by_external_id_or_name
zendesk-support	reverse_etl	operations update_custom_object_record_attachment
zendesk-support	reverse_etl	operations create_object_trigger
zendesk-support	reverse_etl	operations update_object_trigger
zendesk-support	reverse_etl	operations update_many_object_triggers
zendesk-support	reverse_etl	operations bulk_update_default_custom_status
zendesk-support	reverse_etl	operations create_custom_status
zendesk-support	reverse_etl	operations update_custom_status
zendesk-support	reverse_etl	operations create_ticket_form_statuses_for_custom_status
zendesk-support	reverse_etl	operations create_deletion_schedule
zendesk-support	reverse_etl	operations update_deletion_schedule
zendesk-support	reverse_etl	operations create_group_membership
zendesk-support	reverse_etl	operations group_membership_bulk_create
zendesk-support	reverse_etl	operations ticket_import
zendesk-support	reverse_etl	operations ticket_bulk_import
zendesk-support	reverse_etl	operations create_itam_asset_type
zendesk-support	reverse_etl	operations create_itam_asset_type_field
zendesk-support	reverse_etl	operations create_itam_asset
zendesk-support	reverse_etl	operations itam_asset_bulk_jobs
zendesk-support	reverse_etl	operations create_itam_location
zendesk-support	reverse_etl	operations create_itam_status
zendesk-support	reverse_etl	operations update_itam_status
zendesk-support	reverse_etl	operations update_many_macros
zendesk-support	reverse_etl	operations create_organization_subscription
zendesk-support	reverse_etl	operations bulk_set_agent_attribute_values_job
zendesk-support	reverse_etl	operations create_saved_search
zendesk-support	reverse_etl	operations update_saved_search
zendesk-support	reverse_etl	operations bulk_recover_suspended_tickets
zendesk-support	reverse_etl	operations create_task_list_template
zendesk-support	reverse_etl	operations update_task_list_template
zendesk-support	reverse_etl	operations create_ticket_content_pin
zendesk-support	reverse_etl	operations create_ticket_form_statuses
zendesk-support	reverse_etl	operations update_ticket_form_statuses
zendesk-support	reverse_etl	operations update_ticket_form_status_by_id
zendesk-support	reverse_etl	operations create_task_list
zendesk-support	reverse_etl	operations tickets_create_many
zendesk-support	reverse_etl	operations create_trigger_category
zendesk-support	reverse_etl	operations update_trigger_category
zendesk-support	reverse_etl	operations batch_operate_trigger_categories
zendesk-support	reverse_etl	operations update_many_triggers
zendesk-support	reverse_etl	operations create_user_group_membership
zendesk-support	reverse_etl	operations create_many_users
zendesk-support	reverse_etl	operations create_or_update_many_users
zendesk-support	reverse_etl	operations update_current_user_settings
zendesk-support	reverse_etl	operations request_user_create
zendesk-support	reverse_etl	operations create_workspace
zendesk-support	reverse_etl	operations update_workspace
zendesk-support	reverse_etl	operations reorder_workspaces
zoom	etl	users list
zoom	etl	meetings list
zoom	etl	webinars list
